school_code,school_name
A001,北京大学
A002,中国人民大学
A003,清华大学
A004,北京交通大学
A005,北京工业大学
A006,北京航空航天大学
A007,北京理工大学
A008,北京科技大学
A009,北方工业大学
A010,北京化工大学
A011,北京工商大学
A012,北京服装学院
A013,北京邮电大学
A015,北京印刷学院
A016,北京建筑大学
A017,北京石油化工学院
A019,中国农业大学
A020,北京农学院
A022,北京林业大学
A023,北京协和医学院
A025,首都医科大学
A026,北京中医药大学
A027,北京师范大学
A028,首都师范大学
A030,北京外国语大学
A031,北京第二外国语学院
A032,北京语言大学
A033,中国传媒大学
A034,中央财经大学
A036,对外经济贸易大学
A037,北京物资学院
A038,首都经济贸易大学
A041,中国人民公安大学
A043,北京体育大学
A047,中央美术学院
A048,中央戏剧学院
A049,中国戏曲学院
A050,北京电影学院
A051,北京舞蹈学院
A052,中央民族大学
A053,中国政法大学
A054,华北电力大学(北京)
A055,南开大学
A056,天津大学
A057,天津科技大学
A058,天津工业大学
A059,中国民航大学
A060,天津理工大学
A061,天津农学院
A062,天津医科大学
A063,天津中医药大学
A065,天津师范大学
A066,天津职业技术师范大学
A068,天津外国语大学
A069,天津商业大学
A070,天津财经大学
A071,天津体育学院
A073,天津美术学院
A075,河北大学
A076,河北工程大学
A077,河北地质大学
A078,华北水利水电大学
A079,华北电力大学(保定)
A080,河北工业大学
A081,华北理工大学
A082,河北科技大学
A084,河北建筑工程学院
A085,河北水利电力学院
A086,河北农业大学
A089,河北医科大学
A092,河北北方学院
A093,承德医学院
A094,河北师范大学
A096,保定学院
A098,河北民族师范学院
A099,唐山师范学院
A100,廊坊师范学院
A101,衡水学院
A102,石家庄学院
A103,邯郸学院
A104,邢台学院
A105,沧州师范学院
A107,石家庄铁道大学
A108,山西大学
A109,太原科技大学
A110,中北大学
A112,太原理工大学
A113,山西农业大学
A114,山西医科大学
A117,长治医学院
A118,山西师范大学
A119,太原师范学院
A120,山西大同大学
A121,晋中学院
A122,长治学院
A123,运城学院
A124,忻州师范学院
A125,山西财经大学
A126,内蒙古大学
A127,内蒙古科技大学
A128,内蒙古工业大学
A129,内蒙古农业大学
A132,内蒙古医科大学
A135,内蒙古师范大学
A136,内蒙古民族大学
A138,赤峰学院
A139,内蒙古财经大学
A140,辽宁大学
A141,大连理工大学
A142,沈阳工业大学
A143,沈阳航空航天大学
A144,沈阳理工大学
A145,东北大学
A146,辽宁科技大学
A147,辽宁工程技术大学
A148,辽宁石油化工大学
A149,沈阳化工大学
A150,大连交通大学
A151,大连海事大学
A152,大连工业大学
A153,沈阳建筑大学
A154,辽宁工业大学
A157,沈阳农业大学
A158,大连海洋大学
A159,中国医科大学
A160,锦州医科大学
A161,大连医科大学
A162,辽宁中医药大学
A163,沈阳药科大学
A164,沈阳医学院
A165,辽宁师范大学
A166,沈阳师范大学
A167,渤海大学
A169,鞍山师范学院
A171,朝阳师范高等专科学校
A172,大连外国语大学
A173,东北财经大学
A176,沈阳体育学院
A177,沈阳音乐学院
A178,鲁迅美术学院
A180,锦州师范高等专科学校
A181,营口职业技术学院
A182,铁岭师范高等专科学校
A183,吉林大学
A184,延边大学
A186,长春理工大学
A188,东北电力大学
A190,长春工业大学
A191,吉林建筑大学
A192,吉林化工学院
A193,吉林农业大学
A199,长春中医药大学
A200,东北师范大学
A201,北华大学
A202,通化师范学院
A203,吉林师范大学
A204,吉林工程技术师范学院
A205,长春师范大学
A206,白城师范学院
A207,吉林财经大学
A208,吉林体育学院
A209,吉林艺术学院
A212,黑龙江大学
A213,哈尔滨工业大学
A214,哈尔滨理工大学
A216,燕山大学
A217,哈尔滨工程大学
A219,黑龙江科技大学
A220,东北石油大学
A222,佳木斯大学
A223,黑龙江八一农垦大学
A224,东北农业大学
A225,东北林业大学
A226,哈尔滨医科大学
A228,黑龙江中医药大学
A229,牡丹江医学院
A231,哈尔滨师范大学
A232,齐齐哈尔大学
A233,牡丹江师范学院
A234,哈尔滨学院
A235,大庆师范学院
A236,绥化学院
A238,齐齐哈尔高等师范专科学校
A240,哈尔滨商业大学
A242,哈尔滨体育学院
A245,哈尔滨金融学院
A246,复旦大学
A247,同济大学
A248,上海交通大学
A251,华东理工大学
A252,上海理工大学
A254,上海海事大学
A255,东华大学
A256,上海电力大学
A259,上海应用技术大学
A262,上海健康医学院
A264,上海海洋大学
A268,上海中医药大学
A269,华东师范大学
A270,上海师范大学
A271,上海外国语大学
A272,上海财经大学
A273,上海对外经贸大学
A274,上海海关学院
A275,上海旅游高等专科学校
A276,华东政法大学
A277,上海体育大学
A278,上海音乐学院
A279,上海戏剧学院
A280,上海大学
A284,南京大学
A285,苏州大学
A286,东南大学
A287,南京航空航天大学
A288,南京理工大学
A289,江苏科技大学
A290,中国矿业大学
A291,南京工业大学
A292,常州大学
A293,南京邮电大学
A294,河海大学
A295,江南大学
A298,南京林业大学
A299,江苏大学
A300,南京信息工程大学
A304,南通大学
A307,南京农业大学
A312,南京医科大学
A313,徐州医科大学
A315,南京中医药大学
A316,中国药科大学
A319,南京师范大学
A320,江苏师范大学
A323,淮阴师范学院
A324,盐城师范学院
A327,南京财经大学
A330,南京体育学院
A331,南京艺术学院
A332,苏州科技大学
A333,常熟理工学院
A335,浙江大学
A336,杭州电子科技大学
A337,浙江工业大学
A338,浙江理工大学
A340,浙江海洋大学
A341,浙江农林大学
A343,温州医科大学
A344,浙江中医药大学
A345,浙江师范大学
A346,杭州师范大学
A347,湖州师范学院
A349,绍兴文理学院
A350,台州学院
A351,温州大学
A352,丽水学院
A353,浙江工商大学
A354,嘉兴学院
A355,中国美术学院
A356,中国计量大学
A357,安徽大学
A358,中国科学技术大学
A359,合肥工业大学
A360,安徽工业大学
A361,安徽理工大学
A363,安徽工程大学
A364,安徽农业大学
A366,安徽医科大学
A367,蚌埠医学院
A369,安徽中医药大学
A370,安徽师范大学
A371,阜阳师范大学
A372,安庆师范大学
A373,淮北师范大学
A375,黄山学院
A377,滁州学院
A378,安徽财经大学
A379,宿州学院
A380,巢湖学院
A381,淮南师范学院
A383,铜陵学院
A384,厦门大学
A385,华侨大学
A386,福州大学
A388,福建理工大学
A389,福建农林大学
A390,集美大学
A392,福建医科大学
A393,福建中医药大学
A394,福建师范大学
A395,闽江学院
A397,武夷学院
A398,宁德师范学院
A399,泉州师范学院
A402,闽南师范大学
A403,南昌大学
A404,华东交通大学
A405,东华理工大学
A406,南昌航空大学
A407,江西理工大学
A408,景德镇陶瓷大学
A410,江西农业大学
A412,江西中医药大学
A413,赣南医学院
A414,江西师范大学
A416,上饶师范学院
A417,宜春学院
A418,赣南师范大学
A419,井冈山大学
A421,江西财经大学
A422,山东大学
A423,中国海洋大学
A424,山东科技大学
A425,中国石油大学(华东)
A426,青岛科技大学
A427,济南大学
A429,青岛理工大学
A430,山东建筑大学
A431,齐鲁工业大学
A433,山东理工大学
A434,山东农业大学
A435,青岛农业大学
A438,潍坊医学院
A439,山东第一医科大学
A440,滨州医学院
A441,山东中医药大学
A442,山东医学高等专科学校
A443,济宁医学院
A444,菏泽医学专科学校
A445,山东师范大学
A446,曲阜师范大学
A447,聊城大学
A448,德州学院
A449,滨州学院
A451,鲁东大学
A452,临沂大学
A453,泰山学院
A454,济宁学院
A455,菏泽学院
A456,山东财经大学
A457,山东体育学院
A458,山东艺术学院
A459,郑州大学
A460,河南理工大学
A462,郑州轻工业大学
A463,河南工业大学
A464,河南科技大学
A465,中原工学院
A466,河南农业大学
A467,河南科技学院
A469,河南牧业经济学院
A471,河南中医药大学
A472,新乡医学院
A475,河南大学
A476,河南师范大学
A477,信阳师范大学
A478,周口师范学院
A479,安阳师范学院
A480,许昌学院
A481,南阳师范学院
A482,洛阳师范学院
A483,商丘师范学院
A484,河南财经政法大学
A485,郑州航空工业管理学院
A486,武汉大学
A487,华中科技大学
A488,武汉科技大学
A489,长江大学
A490,武汉工程大学
A491,中国地质大学(武汉)
A495,武汉纺织大学
A496,武汉轻工大学
A497,武汉理工大学
A500,湖北工业大学
A504,华中农业大学
A507,湖北中医药大学
A511,华中师范大学
A512,湖北大学
A513,湖北师范大学
A514,黄冈师范学院
A517,湖北民族大学
A518,汉江师范学院
A519,湖北文理学院
A520,中南财经政法大学
A522,武汉体育学院
A523,湖北美术学院
A524,中南民族大学
A525,湖北汽车工业学院
A528,湖北工程学院
A530,湘潭大学
A531,吉首大学
A532,湖南大学
A533,中南大学
A534,湖南科技大学
A536,长沙理工大学
A537,湖南农业大学
A538,中南林业科技大学
A541,湖南中医药大学
A542,湖南师范大学
A543,湖南理工学院
A545,湘南学院
A546,衡阳师范学院
A547,邵阳学院
A548,怀化学院
A549,湖南文理学院
A551,湖南科技学院
A553,湖南人文科技学院
A554,湖南工商大学
A555,南华大学
A558,中山大学
A559,暨南大学
A560,汕头大学
A561,华南理工大学
A564,华南农业大学
A566,广东海洋大学
A571,广东医科大学
A572,广州中医药大学
A573,广东药科大学
A574,华南师范大学
A576,韶关学院
A577,惠州学院
A578,韩山师范学院
A579,岭南师范学院
A580,肇庆学院
A582,嘉应学院
A585,广州体育学院
A587,星海音乐学院
A588,广东技术师范大学
A589,海南大学
A590,深圳大学
A592,广东财经大学
A593,广西大学
A594,广西科技大学
A595,桂林电子科技大学
A596,桂林理工大学
A598,广西医科大学
A599,右江民族医学院
A600,广西中医药大学
A601,桂林医学院
A602,广西师范大学
A603,南宁师范大学
A605,河池学院
A606,玉林师范学院
A607,广西艺术学院
A608,广西民族大学
A609,百色学院
A610,四川大学
A611,重庆大学
A613,西南交通大学
A614,电子科技大学
A615,西南石油大学
A616,成都理工大学
A617,重庆邮电大学
A618,重庆交通大学
A619,西南科技大学
A621,成都信息工程大学
A622,四川轻化工大学
A623,西华大学
A624,中国民用航空飞行学院
A626,四川农业大学
A628,西昌学院
A631,重庆医科大学
A632,西南医科大学
A633,成都中医药大学
A634,川北医学院
A635,西南大学
A636,四川师范大学
A637,重庆师范大学
A638,西华师范大学
A639,绵阳师范学院
A640,内江师范学院
A642,重庆文理学院
A643,重庆三峡学院
A644,四川文理学院
A646,阿坝师范学院
A647,长江师范学院
A649,乐山师范学院
A650,四川外国语大学
A651,西南财经大学
A652,西南政法大学
A653,成都体育学院
A654,四川音乐学院
A655,四川美术学院
A656,西南民族大学
A657,贵州大学
A660,贵州医科大学
A661,遵义医科大学
A663,贵州师范大学
A664,遵义师范学院
A665,铜仁学院
A666,兴义民族师范学院
A667,安顺学院
A669,凯里学院
A670,黔南民族师范学院
A671,贵州财经大学
A672,贵州民族大学
A673,云南大学
A674,昆明理工大学
A676,云南农业大学
A677,西南林业大学
A678,昆明医科大学
A679,大理大学
A680,云南中医药大学
A681,云南师范大学
A684,曲靖师范学院
A685,普洱学院
A686,保山学院
A687,红河学院
A689,云南财经大学
A690,云南艺术学院
A691,云南民族大学
A693,西藏农牧学院
A694,西藏大学
A695,西藏民族大学
A697,西北大学
A698,西安交通大学
A699,西北工业大学
A700,西安理工大学
A701,西安电子科技大学
A702,西安工业大学
A703,西安建筑科技大学
A704,西安科技大学
A705,西安石油大学
A708,陕西科技大学
A709,西安工程大学
A710,长安大学
A712,西北农林科技大学
A716,陕西中医药大学
A718,陕西师范大学
A719,延安大学
A720,陕西理工大学
A721,宝鸡文理学院
A722,咸阳师范学院
A723,渭南师范学院
A724,西安外国语大学
A726,西北政法大学
A727,西安体育学院
A728,西安音乐学院
A729,西安美术学院
A730,兰州大学
A731,兰州理工大学
A732,兰州交通大学
A733,甘肃农业大学
A735,甘肃中医药大学
A736,西北师范大学
A737,兰州城市学院
A738,陇东学院
A739,天水师范学院
A740,河西学院
A741,兰州财经大学
A742,西北民族大学
A743,青海大学
A746,青海师范大学
A748,青海民族大学
A749,宁夏大学
A752,宁夏医科大学
A753,宁夏师范学院
A755,新疆大学
A757,塔里木大学
A758,新疆农业大学
A759,石河子大学
A760,新疆医科大学
A762,新疆师范大学
A763,喀什大学
A764,伊犁师范大学
A765,和田师范专科学校
A766,新疆财经大学
A768,新疆艺术学院
A792,天津城建大学
A798,河北科技师范学院
A809,山西中医药大学
A812,吕梁学院
A819,呼伦贝尔学院
A822,广东白云学院
A823,长沙医学院
A824,河南职业技术学院
A825,齐鲁医药学院
A826,明达职业技术学院
A827,长沙民政职业技术学院
A830,湖南工业职业技术学院
A832,山东商业职业技术学院
A833,广东轻工职业技术大学
A834,武汉职业技术学院
A835,漯河职业技术学院
A841,辽宁对外经贸学院
A842,三门峡职业技术学院
A843,郑州铁路职业技术学院
A845,大连职业技术学院
A846,江西科技学院
A848,无锡职业技术学院
A849,江苏建筑职业技术学院
A850,南京工业职业技术大学
A851,上海东海职业技术学院
A852,上海工商职业技术学院
A853,北京工业职业技术学院
A856,上海工程技术大学
A857,北京信息职业技术学院
A858,北京电子科技职业学院
A859,天津天狮学院
A867,广西机电职业技术学院
A868,青岛滨海学院
A869,安徽职业技术学院
A872,伊春职业学院
A876,浙江万里学院
A878,安徽建筑大学
A879,安徽科技学院
A888,江西医学高等专科学校
A894,景德镇学院
A895,萍乡学院
A904,枣庄学院
A908,山东工艺美术学院
A918,黄淮学院
A919,平顶山学院
A920,湖北理工学院
A927,湖北科技学院
A929,湖北医药学院
A955,黄冈职业技术学院
A958,江苏工程职业技术学院
A959,安徽三联学院
A963,淮北职业技术学院
A964,吉林外国语大学
A976,贵阳学院
A977,六盘水师范学院
A994,新疆工程学院
A995,新疆农业职业技术学院
A997,昌吉学院
B032,天津市职业大学
B033,唐山学院
B034,邯郸职业技术学院
B035,沈阳大学
B046,牡丹江大学
B047,上海立信会计金融学院
B048,金陵科技学院
B049,淮阴工学院
B050,连云港职业技术学院
B051,镇江市高等专科学校
B052,南通职业大学
B053,徐州工程学院
B054,苏州职业大学
B055,常州工学院
B057,浙江科技学院
B058,宁波工程学院
B059,合肥学院
B061,芜湖职业技术学院
B062,厦门理工学院
B065,青岛大学
B066,烟台大学
B067,潍坊学院
B068,郑州工程技术学院
B069,开封大学
B070,洛阳理工学院
B071,新乡学院
B072,江汉大学
B074,荆州理工职业学院
B075,三峡大学
B077,长沙学院
B078,广州大学
B079,成都大学
B080,西安文理学院
B090,北京京北职业技术学院
B100,海南热带海洋学院
B104,华北科技学院
B105,中国人民警察大学
B106,广州航海学院
B113,深圳职业技术大学
B114,广东南华工商职业学院
B116,成都工业学院
B117,扬州大学
B122,三江学院
B149,中华女子学院
B230,齐齐哈尔医学院
B232,北京信息科技大学
B238,石家庄职业技术学院
B242,太原学院
B248,辽宁农业职业技术学院
B250,阜新高等专科学校
B258,大连大学
B261,吉林工商学院
B276,南京工程学院
B287,南京审计大学
B288,沙洲职业工学院
B305,蚌埠学院
B306,池州学院
B308,淮南联合大学
B311,三明学院
B312,龙岩学院
B313,福建商学院
B318,江西科技师范大学
B319,南昌工程学院
B326,信阳农林学院
B329,河南工学院
B330,安阳工学院
B332,湖北警官学院
B334,湖北工业职业技术学院
B335,鄂州职业大学
B336,荆楚理工学院
B342,湖南工程学院
B349,五邑大学
B350,广西体育高等专科学校
B354,梧州学院
B355,南宁职业技术大学
B360,攀枝花学院
B390,玉溪师范学院
B391,楚雄师范学院
B392,云南警官学院
B393,昆明学院
B395,榆林学院
B396,商洛学院
B397,安康学院
B400,西安培华学院
B406,甘肃政法大学
B407,北方民族大学
B413,中国矿业大学(北京)
B414,中国石油大学(北京)
B415,中国地质大学(北京)
B417,北京联合大学
B418,北京城市学院
B420,河北金融学院
B427,集宁师范学院
B430,辽宁科技学院
B436,长春汽车职业技术大学
B437,长春工程学院
B439,吉林农业科技学院
B440,长春金融高等专科学校
B441,吉林警察学院
B445,黑龙江工业学院
B446,黑龙江东方学院
B449,黑龙江职业学院
B458,上海电机学院
B460,南京晓庄学院
B462,扬州市职业大学
B463,江苏理工学院
B482,浙江财经大学
B488,衢州学院
B498,莆田学院
B500,辽宁省交通高等专科学校
B505,九江职业大学
B508,新余学院
B510,山东交通学院
B517,河南工程学院
B522,焦作大学
B527,湖南城市学院
B528,湖南工学院
B532,湖南财政经济学院
B535,湖南工业大学
B538,湖南女子学院
B540,广东金融学院
B546,广西科技师范学院
B547,广西警察学院
B548,广西财经学院
B549,南宁学院
B551,重庆科技学院
B552,四川旅游学院
B553,成都纺织高等专科学校
B556,文山学院
B557,昆明冶金高等专科学校
B560,西安财经大学
B561,甘肃民族师范学院
B562,兰州文理学院
B565,乌鲁木齐职业大学
B600,湖北经济学院
B607,北部湾大学
B608,广西水利电力职业技术学院
B629,北华航天工业学院
B630,山西省财政税务专科学校
B632,沈阳工程学院
B635,哈尔滨信息工程学院
B641,江苏海洋大学
B646,宁波大学
B647,浙江传媒学院
B652,河南财政金融学院
B653,南阳理工学院
B654,武汉商学院
B656,广东石油化工学院
B658,海南师范大学
B660,重庆理工大学
B663,黔南民族医学高等专科学校
B664,西安邮电大学
B688,山东工商学院
B709,呼和浩特民族学院
B726,长春大学
B731,贵州商学院
B733,上海出版印刷高等专科学校
B736,西安航空学院
B765,河南城建学院
B775,防灾科技学院
B779,辽东学院
B784,仰恩大学
B785,九江职业技术学院
B787,濮阳职业技术学院
B796,武汉城市职业学院
B798,武汉东湖学院
B799,重庆工商大学
B800,汉口学院
B802,黑龙江工程学院
B805,甘肃医学院
B806,陇南师范学院
B807,兰州工业学院
B810,海南医学院
B818,新疆维吾尔医学专科学校
B819,东莞理工学院
B823,长春医学高等专科学校
B824,桂林师范高等专科学校
B825,桂林航天工业学院
B826,西安电力高等专科学校
B827,山东电力高等专科学校
B828,郑州电力高等专科学校
B831,首钢工学院
B832,河北经贸大学
B833,上海杉达学院
B834,黄河科技学院
B835,上海政法学院
B837,桂林旅游学院
B838,贺州学院
B840,西安医学院
B841,民办四川天一学院
B843,九江学院
B845,广东工业大学
B846,广东外语外贸大学
B847,佛山科学技术学院
B908,天津医学高等专科学校
B916,重庆电力高等专科学校
B939,连云港师范高等专科学校
B959,鹤岗师范高等专科学校
B961,安徽医学高等专科学校
B963,亳州学院
B964,邢台医学高等专科学校
B965,湖北中医药高等专科学校
B967,焦作师范高等专科学校
B968,安徽中医药高等专科学校
B969,郑州师范学院
B999,海南职业技术学院
C026,大连民族大学
C034,湖南第一师范学院
C036,浙江交通职业技术学院
C040,广州民航职业技术学院
C044,上海第二工业大学
C047,江苏经贸职业技术学院
C048,南京特殊教育师范学院
C049,吉林交通职业技术学院
C050,上海商学院
C051,湖北职业技术学院
C052,武汉船舶职业技术学院
C053,黑龙江建筑职业技术学院
C054,九州职业技术学院
C055,长沙航空职业技术学院
C056,南通理工学院
C057,包头职业技术学院
C058,黄河水利职业技术学院
C059,广东培正学院
C062,日照职业技术学院
C063,盘锦职业技术学院
C064,成都航空职业技术学院
C070,曲阜远东职业技术学院
C072,安徽商贸职业技术学院
C074,阜阳职业技术学院
C078,硅湖职业技术学院
C105,天津中德应用技术大学
C107,贵州警察学院
C121,南方医科大学
C214,湖南医药学院
C215,重庆工业职业技术学院
C216,安徽新华学院
C217,铜陵职业技术学院
C219,安徽警官职业学院
C222,贵州交通职业技术学院
C300,湖南大众传媒职业技术学院
C301,永州职业技术学院
C302,湖南铁道职业技术学院
C303,湖南涉外经济学院
C304,湖南科技职业学院
C306,长春东方职业学院
C308,海口经济学院
C309,武昌首义学院
C310,武昌理工学院
C317,常州信息职业技术学院
C324,青岛职业技术学院
C326,威海职业学院
C328,山东职业学院
C329,山东劳动职业技术学院
C330,莱芜职业技术学院
C331,山东女子学院
C332,烟台南山学院
C335,济宁职业技术学院
C336,贵州电子信息职业技术学院
C347,恩施职业技术学院
C349,云南国土资源职业学院
C352,河北软件职业技术学院
C354,襄阳职业技术学院
C356,广西交通职业技术学院
C362,武汉生物工程学院
C364,广西工业职业技术学院
C379,广西国际商务职业技术学院
C389,河北建材职业技术学院
C391,潍坊职业学院
C392,柳州铁道职业技术学院
C396,烟台职业学院
C397,湖南交通职业技术学院
C408,河北政法职业学院
C410,合肥通用职业技术学院
C415,沧州职业技术学院
C418,河北能源职业技术学院
C424,石家庄铁路职业技术学院
C425,湖南工程职业技术学院
C440,东营职业学院
C441,聊城职业技术学院
C443,兴安职业技术大学
C448,北京农业职业学院
C451,北京政法职业学院
C453,中国劳动关系学院
C481,拉萨师范学院
C482,克拉玛依职业技术学院
C484,天津滨海职业学院
C493,上海行健职业学院
C495,上海城建职业学院
C497,上海交通职业技术学院
C499,上海电子信息职业技术学院
C510,陕西能源职业技术学院
C511,甘肃建筑职业技术学院
C514,新疆轻工职业技术学院
C539,酒泉职业技术大学
C544,宁夏理工学院
C555,云南农业职业技术学院
C560,云南经济管理学院
C561,北京财贸职业学院
C562,青海卫生职业技术学院
C564,北京北大方正软件职业技术学院
C565,北京经贸职业学院
C566,北京经济技术职业学院
C568,北京汇佳职业学院
C570,新疆能源职业技术学院
C574,广东东软学院
C575,广州康大职业技术学院
C581,河南工业和信息化职业学院
C583,上海震旦职业学院
C584,上海民远职业技术学院
C586,上海思博职业技术学院
C587,上海立达学院
C588,上海工艺美术职业学院
C593,辽宁生态工程职业学院
C594,沈阳职业技术学院
C596,保险职业学院
C599,湘潭大学兴湘学院
C600,邵阳职业技术学院
C601,湖南司法警官职业学院
C605,重庆三峡职业学院
C609,重庆电子工程职业学院
C617,广州城市理工学院
C618,广州软件学院
C619,广州南方学院
C627,福建水利电力职业技术学院
C631,厦门医学院
C636,成都东软学院
C637,四川化工职业技术学院
C638,四川水利职业技术学院
C640,内江职业技术学院
C641,四川航天职业技术学院
C649,湖南科技大学潇湘学院
C650,南华大学船山学院
C656,中南林业科技大学涉外学院
C658,湖南理工学院南湖学院
C662,张家界学院
C670,呼和浩特职业学院
C677,锡林郭勒职业学院
C679,江苏海事职业技术学院
C681,无锡科技职业学院
C682,江苏医药职业学院
C684,南通科技职业学院
C685,苏州经贸职业技术学院
C686,苏州工业职业技术学院
C687,苏州托普信息职业技术学院
C689,东南大学成贤学院
C702,无锡商业职业技术学院
C703,江苏航运职业技术学院
C709,厦门华厦学院
C711,泉州纺织服装职业学院
C712,西安欧亚学院
C713,西安外事学院
C714,西安翻译学院
C715,西京学院
C717,三亚城市职业学院
C718,大庆职业学院
C719,天津渤海职业技术学院
C720,天津电子信息职业技术学院
C721,天津机电职业技术学院
C722,天津现代职业技术学院
C723,天津公安警官职业学院
C724,黑龙江林业职业技术学院
C725,黑龙江农业职业技术学院
C726,黑龙江农业工程职业学院
C727,黑龙江农垦职业学院
C728,黑龙江司法警官职业学院
C729,齐齐哈尔工程学院
C732,天津轻工职业技术学院
C733,北京科技经营管理学院
C734,新疆警察学院
C737,荆州职业技术学院
C740,仙桃职业学院
C744,湖北轻工职业技术学院
C745,商丘职业技术学院
C746,郑州科技学院
C747,郑州工业应用技术学院
C748,平顶山工业职业技术学院
C750,周口职业技术学院
C752,湖北交通职业技术学院
C753,绵阳职业技术学院
C754,重庆海联职业技术学院
C755,重庆信息技术职业学院
C756,重庆传媒职业学院
C758,重庆城市管理职业学院
C759,重庆工程职业技术学院
C761,四川交通职业技术学院
C762,四川工商职业技术学院
C763,四川工程职业技术学院
C764,四川建筑职业技术学院
C766,江西工程学院
C768,济源职业技术学院
C777,山西工程职业学院
C779,山西应用科技学院
C781,河南司法警官职业学院
C783,石家庄城市经济职业学院
C784,河北传媒学院
C788,天津商务职业学院
C793,鹤壁职业技术学院
C794,河南工业职业技术学院
C795,南昌理工学院
C796,河北工程技术学院
C798,上海济光职业技术学院
C799,上海建桥学院
C800,上海工商外国语职业学院
C801,上海科学技术职业学院
C802,吉利学院
C803,天津国土资源和房屋职业学院
C804,南京交通职业技术学院
C805,江苏电子信息职业学院
C806,江苏农牧科技职业学院
C807,常州纺织服装职业技术学院
C809,苏州工业园区职业技术学院
C810,安徽文达信息工程学院
C813,六安职业技术学院
C816,安徽交通职业技术学院
C818,滨州职业学院
C819,山东科技职业学院
C820,重庆建筑科技职业学院
C822,黔东南民族职业技术学院
C827,陕西国防工业职业技术学院
C828,西安航空职业技术学院
C829,陕西财经职业技术学院
C830,陕西交通职业技术学院
C832,兰州外语职业学院
C833,兰州职业技术学院
C835,甘肃林业职业技术学院
C836,甘肃工业职业技术学院
C841,山东服装职业学院
C842,德州科技职业学院
C843,潍坊科技学院
C844,山东力明科技职业学院
C845,湖南邮电职业技术学院
C849,张家界航空工业职业技术学院
C850,贵州城市职业学院
C852,青海警官职业学院
C862,浙江建设职业技术学院
C864,浙江经贸职业技术学院
C866,浙江经济职业技术学院
C867,浙江旅游职业学院
C870,浙江金融职业学院
C875,湖州职业技术学院
C882,天津艺术职业学院
C883,天津交通职业学院
C887,河北旅游职业学院
C888,山西机电职业技术学院
C892,山西水利职业技术学院
C893,阳泉职业技术学院
C895,辽宁金融职业学院
C896,辽宁轨道交通职业学院
C897,辽宁广告职业学院
C898,辽宁机电职业技术学院
C899,辽宁经济职业技术学院
C901,吉林司法警官职业学院
C902,吉林电子信息职业技术学院
C903,吉林工业职业技术学院
C904,吉林工程职业学院
C906,哈尔滨电力职业技术学院
C907,哈尔滨铁道职业技术学院
C908,大兴安岭职业学院
C910,黑龙江农业经济职业学院
C911,哈尔滨职业技术学院
C912,上海农林职业技术学院
C913,上海邦德职业技术学院
C915,上海中侨职业技术大学
C919,炎黄职业技术学院
C920,南京科技职业学院
C921,正德职业技术学院
C922,钟山职业技术学院
C923,无锡南洋职业技术学院
C927,泉州华光职业学院
C928,泉州职业技术大学
C929,江西司法警官职业学院
C931,渤海船舶职业学院
C932,江西旅游商贸职业学院
C933,江西电力职业技术学院
C934,江西环境工程职业学院
C936,江西艺术职业学院
C938,江西应用科技学院
C939,江西信息应用职业技术学院
C940,江西交通职业技术学院
C941,江西财经职业学院
C942,江西应用技术职业学院
C943,江西现代职业技术学院
C944,江西工业工程职业技术学院
C945,山东圣翰财贸职业学院
C946,山东水利职业学院
C947,山东畜牧兽医职业学院
C948,郑州澍青医学高等专科学校
C952,武汉航海职业技术学院
C957,深圳信息职业技术大学
C961,广东亚视演艺职业学院
C962,广东省外语艺术职业学院
C963,四川托普信息技术职业学院
C964,四川国际标榜职业学院
C967,泸州职业技术学院
C969,成都艺术职业大学
C970,四川职业技术学院
C973,青海职业技术大学
C975,伊犁职业技术学院
C976,江西机电职业技术学院
C977,武汉铁路职业技术学院
C978,武汉软件工程职业学院
C979,湖北三峡职业技术学院
C980,随州职业技术学院
C982,湖北水利水电职业技术学院
C983,湖北城市建设职业技术学院
C984,武汉警官职业学院
C985,湖北生物科技职业学院
C987,武汉科技职业学院
C989,武汉信息传播职业技术学院
C990,武昌职业学院
C991,武汉商贸职业学院
D006,山东英才学院
D007,东营科技职业学院
D008,山东交通职业学院
D009,淄博职业学院
D010,山东外贸职业学院
D011,青岛酒店管理职业技术学院
D012,山东信息职业技术学院
D014,青岛港湾职业技术学院
D015,青岛恒星科技学院
D017,江南影视艺术职业学院
D021,浙大城市学院
D031,长沙环境保护职业技术学院
D033,湖南机电职业技术学院
D039,常德职业技术学院
D041,长沙南方职业学院
D042,潇湘职业学院
D043,湖南化工职业技术学院
D045,湖南石油化工职业技术学院
D052,贵州工业职业技术学院
D054,六盘水职业技术学院
D055,铜仁职业技术学院
D059,滁州职业技术学院
D062,安徽广播影视职业技术学院
D071,河北交通职业技术学院
D072,河北化工医药职业技术学院
D073,石家庄信息工程职业学院
D074,河北对外经贸职业学院
D075,河北美术学院
D086,宁夏职业技术学院
D087,宁夏工商职业技术大学
D093,阿克苏职业技术学院
D094,巴音郭楞职业技术学院
D100,金肯职业技术学院
D102,常州工程职业技术学院
D103,江苏农林职业技术学院
D104,江苏食品药品职业技术学院
D105,建东职业技术学院
D106,南京铁道职业技术学院
D107,徐州工业职业技术学院
D108,江苏信息职业技术学院
D110,宿迁职业技术学院
D112,南京信息职业技术学院
D113,江海职业技术学院
D114,常州机电职业技术学院
D115,厦门工学院
D121,西安思源学院
D122,西安高新科技职业学院
D123,陕西国际商贸学院
D124,西安城市建设职业学院
D125,陕西服装工程学院
D136,云南能源职业技术学院
D137,江阴职业技术学院
D138,广西建设职业技术学院
D151,宁夏建设职业技术学院
D161,长春职业技术大学
D171,临汾职业技术学院
D188,武汉晴川学院
D198,大连理工大学城市学院
D201,沈阳工学院
D215,辽宁师范大学海华学院
D218,大连财经学院
D220,沈阳城市学院
D234,湖北大学知行学院
D235,武汉城市学院
D236,三峡大学科技学院
D238,湖北工业大学工程技术学院
D239,武汉工程大学邮电与信息工程学院
D240,武汉纺织大学外经贸学院
D241,武昌工学院
D242,武汉工商学院
D245,荆州学院
D247,湖北商贸学院
D249,湖北医药学院药护学院
D250,湖北恩施学院
D251,湖北经济学院法商学院
D253,武汉体育学院体育科技学院
D256,湖北师范大学文理学院
D257,湖北文理学院理工学院
D262,文华学院
D264,武汉交通职业学院
D265,咸宁职业技术学院
D275,浙江工业大学之江学院
D283,浙江农林大学暨阳学院
D284,温州医科大学仁济学院
D287,湖州学院
D290,浙江工商大学杭州商学院
D291,嘉兴南湖学院
D292,中国计量大学现代科技学院
D296,黑龙江外国语学院
D299,哈尔滨石油学院
D300,黑龙江工商学院
D302,哈尔滨传媒职业学院
D303,哈尔滨剑桥学院
D304,黑龙江工程学院昆仑旅游学院
D307,哈尔滨华德学院
D316,山东胜利职业学院
D317,山东经贸职业学院
D318,山东工业职业学院
D319,山东化工职业学院
D320,青岛黄海学院
D321,青岛求实职业技术学院
D322,山东现代学院
D323,济南职业学院
D324,山东协和学院
D325,宁夏大学新华学院
D326,云南大学滇池学院
D328,丽江文化旅游学院
D330,昆明城市学院
D332,昆明医科大学海源学院
D333,云南艺术学院文华学院
D338,安徽城市管理职业学院
D342,阜阳科技职业学院
D344,安徽国防科技职业学院
D355,烟台工程职业技术学院
D356,山东工程职业技术大学
D359,烟台理工学院
D378,青岛城市学院
D383,山东财经大学燕山学院
D386,山东石油化工学院
D387,山东外国语职业技术大学
D388,潍坊工商职业学院
D389,德州职业技术学院
D390,枣庄科技职业学院
D391,河北科技学院
D392,保定电力职业技术学院
D395,廊坊职业技术学院
D397,石家庄邮电职业技术学院
D402,河北外国语学院
D403,石家庄科技信息职业学院
D408,华北理工大学轻工学院
D411,河北师范大学汇华学院
D414,河北经贸大学经济管理学院
D415,河北医科大学临床学院
D418,江西服装学院
D419,江西科技职业学院
D420,南昌职业大学
D421,南昌工学院
D422,江西外语外贸职业学院
D423,江西工业贸易职业技术学院
D424,宜春职业技术学院
D425,江西应用工程职业学院
D426,江西生物科技职业学院
D427,江西建设职业技术学院
D428,抚州职业技术学院
D429,南昌大学科学技术学院
D431,南昌交通学院
D432,赣东学院
D433,南昌航空大学科技学院
D434,赣南科技学院
D435,景德镇艺术职业大学
D436,江西农业大学南昌商学院
D437,南昌医学院
D438,江西师范大学科学技术学院
D439,赣南师范大学科技学院
D440,南昌应用技术师范学院
D441,江西财经大学现代经济管理学院
D448,黑龙江商业职业学院
D468,阳光学院
D469,厦门大学嘉庚学院
D471,集美大学诚毅学院
D497,郑州财经学院
D499,河南检察职业学院
D500,商丘工学院
D501,河南开封科技传媒学院
D503,信阳学院
D505,新乡医学院三全学院
D507,郑州工商学院
D511,兰州工商学院
D514,兰州博文科技学院
D515,兰州信息科技学院
D519,甘肃交通职业技术学院
D523,北海职业学院
D524,北海艺术设计学院
D526,桂林山水职业学院
D528,山西职业技术学院
D530,山西金融职业学院
D534,山西工学院
D535,晋中信息学院
D538,山西晋中理工学院
D541,山西信息职业技术学院
D548,重庆人文科技学院
D558,新疆理工学院
D560,新疆第二医学院
D561,新疆科技学院
D562,新疆建设职业技术学院
D566,陕西铁路工程职业技术学院
D568,陕西航空职业技术学院
D569,西安交通工程学院
D570,陕西电子信息职业技术学院
D571,无锡太湖学院
D575,海南软件职业技术学院
D576,海南政法职业学院
D577,海南外国语职业学院
D578,河北工程大学科信学院
D579,中国矿业大学徐海学院
D588,重庆外语外事学院
D589,重庆对外经贸学院
D590,重庆财经学院
D593,石家庄铁道大学四方学院
D594,河北地质大学华信学院
D596,华北理工大学冀唐学院
D597,山西科技学院
D599,大连艺术学院
D600,长春光华学院
D601,长春工业大学人文信息学院
D602,长春电子科技学院
D603,长春财经学院
D604,吉林建筑科技学院
D605,长春建筑学院
D606,长春科技学院
D607,吉林动画学院
D611,蚌埠工商学院
D612,合肥理工学院
D613,安徽信息工程学院
D614,马鞍山学院
D615,合肥城市学院
D618,安徽医科大学临床医学院
D619,阜阳理工学院
D620,淮北理工学院
D623,长春大学旅游学院
D624,泰山科技学院
D625,昆明文理学院
D626,昆明理工大学津桥学院
D627,重庆移通学院
D628,新疆政法学院
D631,大连东软信息学院
D632,上海视觉艺术学院
D634,武汉学院
D635,长沙理工大学城南学院
D636,上海外国语大学贤达经济人文学院
D637,温州商学院
D641,桂林学院
D643,广西中医药大学赛恩斯新医药学院
D644,桂林信息科技学院
D645,南宁理工学院
D649,贵州黔南科技学院
D650,贵阳信息科技学院
D653,遵义医科大学医学与科技学院
D654,南京理工大学紫金学院
D655,南京航空航天大学金城学院
D656,广州华立学院
D658,天津外国语大学滨海外事学院
D659,天津传媒学院
D660,天津商业大学宝德学院
D661,天津医科大学临床医学院
D662,长春人文学院
D664,武汉工程科技学院
D665,电子科技大学成都学院
D666,武汉华夏理工学院
D667,广州商学院
D668,成都理工大学工程技术学院
D669,四川传媒学院
D670,成都银杏酒店管理学院
D671,成都文理学院
D672,四川工商学院
D673,四川外国语大学成都学院
D675,北京理工大学珠海学院
D677,西安交通大学城市学院
D678,西北大学现代学院
D679,西安建筑科技大学华清学院
D681,陕西科技大学镐京学院
D682,西安工商学院
D684,珠海科技学院
D686,武汉传媒学院
D687,南京传媒学院
D690,河北司法警官职业学院
D691,山西工商学院
D698,山西管理职业学院
D700,天津工业职业学院
D701,天津石油职业技术学院
D702,天津城市职业学院
D703,北京科技职业学院
D705,成都医学院
D706,吉林医药学院
D714,广州工商学院
D715,广州涉外经济职业技术学院
D718,惠州经济职业技术学院
D720,广东理工学院
D721,广东工商职业技术大学
D727,新疆天山职业技术大学
D728,北京培黎职业学院
D729,黑龙江旅游职业技术学院
D730,黑龙江三江美术职业学院
D731,黑龙江生态工程职业学院
D732,黑龙江能源职业学院
D735,重庆水利电力职业技术学院
D736,陕西邮电职业技术学院
D737,西安海棠职业学院
D738,西安汽车职业大学
D743,白城医学高等专科学校
D744,黑河学院
D747,上海电影艺术职业学院
D748,无锡城市职业技术学院
D749,无锡工艺职业技术学院
D750,金山职业技术学院
D751,苏州健雄职业技术学院
D752,盐城工业职业技术学院
D753,江苏财经职业技术学院
D754,扬州工业职业技术学院
D758,云南林业职业技术学院
D759,云南城市建设职业学院
D761,云南工程职业学院
D762,福州外语外贸学院
D763,福建江夏学院
D766,泉州信息工程学院
D767,厦门演艺职业学院
D768,厦门华天涉外职业技术学院
D772,湄洲湾职业技术学院
D773,福州理工学院
D776,江西软件职业技术大学
D777,淄博师范高等专科学校
D778,山东中医药高等专科学校
D779,沧州医学高等专科学校
D780,漯河医学高等专科学校
D781,南阳医学高等专科学校
D782,商丘医学高等专科学校
D784,信阳职业技术学院
D786,郑州工业安全职业学院
D787,永城职业学院
D788,河南经贸职业学院
D790,河南农业职业学院
D791,郑州旅游职业学院
D793,江汉艺术职业学院
D797,湖北黄冈应急管理职业技术学院
D799,黄冈科技职业学院
D800,湖北国土资源职业学院
D801,湖北生态工程职业技术学院
D806,长沙师范学院
D810,肇庆医学高等专科学校
D811,琼台师范学院
D816,四川工业科技学院
D817,黔西南民族职业技术学院
D818,贵州轻工职业技术学院
D819,陕西警官职业学院
D820,银川能源学院
D821,忻州职业技术学院
D822,河北女子职业技术学院
D824,内蒙古交通职业技术学院
D830,广西外国语学院
D831,广西电力职业技术学院
D842,南京理工大学泰州科技学院
D843,南京师范大学泰州学院
D844,东莞城市学院
D845,安徽财贸职业学院
D846,安徽国际商务职业学院
D849,安徽审计职业学院
D850,安徽新闻出版职业技术学院
D855,济南工程职业技术学院
D856,山东电子职业技术学院
D857,山东华宇工学院
D858,山东旅游职业学院
D859,山东铝业职业学院
D861,泰山职业技术学院
D862,山西同文职业技术学院
D863,天津铁道职业技术学院
D867,江西制造职业技术学院
D870,上饶职业技术学院
D871,江西航空职业技术学院
D873,赣西科技职业学院
D874,山东外事职业大学
D875,海南经贸职业技术学院
D876,海南工商职业学院
D891,保定理工学院
D892,三亚学院
D893,上海师范大学天华学院
D894,西安明德理工学院
D895,燕京理工学院
D897,天津理工大学中环信息学院
D898,北京科技大学天津学院
D899,北京中医药大学东方学院
D901,北京邮电大学世纪学院
D902,广州新华学院
D903,成都锦城学院
D904,北京工业大学耿丹学院
D905,南京工业大学浦江学院
D906,南京师范大学中北学院
D909,云南工商学院
D910,北京交通职业技术学院
D916,长春信息技术职业学院
D917,松原职业技术学院
D918,七台河职业学院
D920,广西城市职业大学
D923,湖南理工职业技术学院
D924,湖南交通工程学院
D926,新疆交通职业技术学院
D928,广州华立科技职业学院
D931,三亚航空旅游职业学院
D935,黑龙江民族职业学院
D936,河南工业贸易职业学院
D937,湖南汽车工程职业学院
D938,长沙电力职业技术学院
D939,湖南水利水电职业技术学院
D940,湖南现代物流职业技术学院
D941,湖南高速铁路职业技术学院
D942,湖南铁路科技职业技术学院
D943,广州铁路职业技术学院
D945,西安铁路职业技术学院
D947,西安职业技术学院
D948,商洛职业技术学院
D949,汉中职业技术学院
D951,渭南职业技术学院
D952,安康职业技术学院
D953,铜川职业技术学院
D955,甘肃畜牧工程职业技术学院
D956,新疆石河子职业技术学院
D957,辽宁传媒学院
D958,大连软件职业学院
D961,大连枫叶职业技术学院
D962,苏州百年职业学院
D963,昆山登云科技职业学院
D964,南京视觉艺术职业学院
D966,山东药品食品职业学院
D967,重庆工商职业学院
D973,厦门城市职业学院
D979,厦门兴才职业技术学院
D980,南京医科大学康达学院
D982,无锡学院
D985,苏州科技大学天平学院
D986,江苏大学京江学院
D987,扬州大学广陵学院
D988,江苏师范大学科文学院
D989,南京邮电大学通达学院
D990,南京财经大学红山学院
D991,江苏科技大学苏州理工学院
D992,常州大学怀德学院
D993,南通大学杏林学院
D994,南京审计大学金审学院
D995,青岛工学院
D997,青岛农业大学海都学院
D998,齐鲁理工学院
D999,山东财经大学东方学院
E000,潍坊理工学院
E001,聊城大学东昌学院
E002,烟台科技学院
E004,四川文化传媒职业学院
E005,四川华新现代职业学院
E009,重庆医药高等专科学校
E010,四川中医药高等专科学校
E011,遵义医药高等专科学校
E013,楚雄医药高等专科学校
E014,保山中医药高等专科学校
E015,丽江师范高等专科学校
E017,大庆医学高等专科学校
E018,石家庄医学高等专科学校
E020,天津城市建设管理职业技术学院
E021,天津生物工程职业技术学院
E022,天津海运职业学院
E025,湖南安全技术职业学院
E026,广西英华国际职业学院
E029,陕西工商职业学院
E030,西安信息职业大学
E031,陕西旅游烹饪职业学院
E032,云南新兴职业学院
E037,西南财经大学天府学院
E038,天津仁爱学院
E040,郑州商学院
E042,西安科技大学高新学院
E043,四川文化艺术学院
E045,绵阳城市学院
E046,福建农林大学金山学院
E049,内蒙古北方职业技术学院
E052,吉林铁道职业技术学院
E053,黑龙江交通职业技术学院
E055,哈尔滨应用职业技术学院
E056,南京机电职业技术学院
E059,厦门软件职业技术学院
E061,三峡电力职业学院
E062,郑州电力职业技术学院
E065,广州科技贸易职业学院
E070,四川科技职业学院
E073,北京经济管理职业学院
E076,辽宁装备制造职业技术学院
E078,山东商务职业学院
E079,山东轻工职业学院
E080,山东城市建设职业学院
E081,烟台汽车工程职业学院
E082,山东司法警官职业学院
E085,西藏职业技术学院
E086,四川文化产业职业学院
E087,天津财经大学珠江学院
E090,浙江横店影视职业学院
E092,滇西科技师范学院
E093,运城幼儿师范高等专科学校
E095,黑龙江幼儿师范高等专科学校
E097,益阳医学高等专科学校
E098,合肥师范学院
E099,湖北第二师范学院
E100,山东政法学院
E101,太原工业学院
E103,冀中职业学院
E105,山西老区职业技术学院
E106,辽宁地质工程职业学院
E107,白城职业技术学院
E108,哈尔滨科学技术职业学院
E111,厦门南洋职业学院
E112,厦门东海职业技术学院
E113,漳州科技职业学院
E115,漳州理工职业学院
E118,菏泽家政职业学院
E119,湖北科技职业学院
E122,湖南电子科技职业学院
E123,广州珠江职业技术学院
E126,广东文理职业学院
E127,广西工程职业学院
E128,重庆财经职业学院
E129,贵阳职业技术学院
E137,蚌埠经济技术职业学院
E138,新疆职业大学
E139,北京社会管理职业学院
E140,北京艺术传媒职业学院
E158,石家庄人民医学高等专科学校
E163,苏州高博软件技术职业学院
E166,江西新能源科技职业学院
E167,江西枫林涉外经贸职业学院
E168,江西泰豪动漫职业学院
E171,梧州职业学院
E172,海南科技职业大学
E175,四川城市职业学院
E176,四川现代职业学院
E178,佳木斯职业学院
E180,南京旅游职业学院
E182,湖南国防工业职业技术学院
E186,朔州职业技术学院
E187,包头铁道职业技术学院
E188,辽宁铁道职业技术学院
E190,长白山职业技术学院
E193,山东传媒职业学院
E195,临沂职业学院
E196,枣庄职业学院
E197,湖北工程职业学院
E199,内蒙古大学创业学院
E200,银川科技学院
E201,北京第二外国语学院中瑞酒店管理学院
E202,沧州交通学院
E203,皖江工学院
E207,上海财经大学浙江学院
E209,大连航运职业技术学院
E211,广西经济职业学院
E212,云南经贸外事职业学院
E213,石家庄科技职业学院
E220,广西幼儿师范高等专科学校
E223,贵州师范学院
E225,河北东方学院
E226,运城职业技术大学
E228,大连汽车职业技术学院
E229,安徽矿业职业技术学院
E231,泉州海洋职业学院
E232,泉州轻工职业学院
E233,漯河食品职业学院
E235,郑州城市职业学院
E236,三亚理工职业学院
E237,重庆电讯职业学院
E238,重庆能源职业学院
E239,云南三鑫职业技术学院
E241,江西冶金职业技术学院
E242,山东理工职业学院
E243,安阳职业技术学院
E245,新乡职业技术学院
E247,山西铁道职业技术学院
E248,鄂尔多斯职业学院
E251,驻马店职业技术学院
E252,贵州职业技术学院
E255,江苏卫生健康职业学院
E256,苏州信息职业技术学院
E257,厦门安防科技职业学院
E258,三峡旅游职业技术学院
E259,沧州幼儿师范高等专科学校
E260,宣化科技职业学院
E261,山东文化产业职业学院
E262,西南交通大学希望学院
E267,重庆交通职业学院
E271,阳泉师范高等专科学校
E272,黑龙江护理高等专科学校
E275,浙江外国语学院
E276,齐鲁师范学院
E277,山东青年政治学院
E281,承德护理职业学院
E283,呼伦贝尔职业技术学院
E285,满洲里俄语职业学院
E288,辽宁城市建设职业技术学院
E291,吉林科技职业技术学院
E293,宿迁泽达职业技术学院
E295,苏州工业园区服务外包职业学院
E299,皖西卫生职业学院
E303,郑州信息工程职业学院
E305,长垣烹饪职业技术学院
E306,开封文化艺术职业学院
E307,河南应用技术职业学院
E312,广西科技职业学院
E315,重庆化工职业学院
E316,重庆旅游职业学院
E320,青岛远洋船员职业学院
E321,江西工商职业技术学院
E322,湖南三一工业职业技术学院
E323,四川长江职业学院
E325,南方科技大学
E327,青岛电影学院
E328,石家庄幼儿师范高等专科学校
E329,徐州幼儿师范高等专科学校
E330,合肥幼儿师范高等专科学校
E332,济南幼儿师范高等专科学校
E333,郑州升达经贸管理学院
E335,廊坊卫生职业学院
E338,赤峰工业职业技术学院
E339,阿拉善职业技术学院
E340,延边职业技术学院
E343,济南护理职业学院
E345,泰山护理职业学院
E346,山东海事职业学院
E347,潍坊护理职业学院
E349,河南护理职业学院
E351,信阳涉外职业技术学院
E352,鹤壁汽车工程职业学院
E353,南阳职业学院
E356,湖北体育职业学院
E357,襄阳汽车职业技术学院
E359,湖南食品药品职业学院
E360,湖南有色金属职业技术学院
E367,重庆艺术工程职业学院
E368,重庆轻工职业学院
E369,重庆电信职业学院
E370,重庆经贸职业学院
E371,贵州盛华职业学院
E372,昆明卫生职业学院
E375,甘肃有色冶金职业技术学院
E376,白银矿冶职业技术学院
E379,潍坊工程职业学院
E380,郑州商贸旅游职业学院
E382,河南推拿职业学院
E383,洛阳职业技术学院
E385,沈阳北软信息职业技术学院
E388,重庆第二师范学院
E389,成都师范学院
E390,陕西学前师范学院
E391,郑州幼儿师范高等专科学校
E392,安阳幼儿师范高等专科学校
E394,上海民航职业技术学院
E396,河北轨道运输职业技术学院
E400,齐齐哈尔理工职业学院
E401,徐州生物工程职业技术学院
E402,景德镇陶瓷职业技术学院
E406,湖南吉利汽车职业技术学院
E410,四川电影电视学院
E411,四川汽车职业技术学院
E412,贵州工商职业学院
E413,红河卫生职业学院
E415,云南外事外语职业学院
E417,新疆应用职业技术学院
E422,南京城市职业学院
E430,中国科学院大学
E432,河北中医药大学
E434,山西传媒学院
E435,营口理工学院
E436,江苏第二师范学院
E437,南昌师范学院
E438,山东管理学院
E439,山东农业工程学院
E440,贵州理工学院
E458,张家口学院
E462,朔州师范高等专科学校
E465,赣州师范高等专科学校
E468,湖南幼儿师范高等专科学校
E470,铜仁幼儿师范高等专科学校
E471,河北工艺美术职业学院
E472,渤海理工职业学院
E473,辽宁轻工职业学院
E475,江苏商贸职业学院
E476,江西水利职业学院
E477,菏泽职业学院
E478,郑州财税金融职业学院
E479,南阳农业职业学院
E480,洛阳科技职业学院
E481,广西培贤国际职业学院
E483,巴中职业技术学院
E484,四川希望汽车职业学院
E485,四川电子机械职业技术学院
E486,四川文轩职业学院
E489,新疆铁道职业技术学院
E491,重庆科技职业学院
E493,南通师范高等专科学校
E494,宜春幼儿师范高等专科学校
E497,黔南民族幼儿师范高等专科学校
E498,宁夏幼儿师范高等专科学校
E504,吉安职业技术学院
E506,山东艺术设计职业学院
E507,威海海洋职业学院
E512,广西金融职业技术学院
E515,四川西南航空职业学院
E518,兰州科技职业学院
E523,新疆生产建设兵团兴新职业技术学院
E524,哈密职业技术学院
E525,新疆科技职业技术学院
E527,山西工程技术学院
E528,扬州中瑞酒店职业学院
E529,鹤壁能源化工职业学院
E531,内蒙古艺术学院
E537,江西师范高等专科学校
E539,扎兰屯职业学院
E540,黑龙江冰雪体育职业学院
E542,江苏财会职业学院
E543,江苏城乡建设职业学院
E544,南昌影视传播职业学院
E545,山东特殊教育职业学院
E547,成都工贸职业技术学院
E548,四川应用技术职业学院
E551,庆阳职业技术学院
E553,湖北铁道运输职业学院
E555,长江艺术工程职业学院
E557,重庆资源与环境保护职业学院
E559,贵州工贸职业学院
E560,哈尔滨音乐学院
E567,吉林职业技术学院
E568,江苏航空职业技术学院
E569,赣南卫生健康职业学院
E570,烟台黄金职业学院
E571,荆门职业学院
E575,海南体育职业技术学院
E576,重庆护理职业学院
E577,贵州水利水电职业技术学院
E579,贵州应用技术职业学院
E583,大理护理职业学院
E585,吐鲁番职业技术学院
E586,唐山幼儿师范高等专科学校
E587,广东茂名幼儿师范专科学校
E588,北京网络职业学院
E589,江苏安全技术职业学院
E590,武汉铁路桥梁职业学院
E591,武汉光谷职业学院
E592,广州卫生职业技术学院
E594,兰州现代职业学院
E596,中国社会科学院大学
E597,濮阳医学高等专科学校
E600,天津滨海汽车工程职业学院
E601,曹妃甸职业技术学院
E602,吉林水利电力职业学院
E603,长春健康职业学院
E604,江苏旅游职业学院
E605,日照航海工程职业学院
E606,三门峡社会管理职业学院
E607,河南轻工职业学院
E608,河南测绘职业学院
E612,三亚中瑞酒店管理职业学院
E616,贵州经贸职业技术学院
E621,云南交通运输职业学院
E622,博尔塔拉职业技术学院
E623,滇西应用技术大学
E625,茅台学院
E627,大同师范高等专科学校
E628,太原幼儿师范高等专科学校
E630,六盘水幼儿师范高等专科学校
E633,哈尔滨北方航空职业技术学院
E634,信阳航空职业学院
E635,郑州卫生健康职业学院
E637,河南地矿职业学院
E639,海南健康管理职业技术学院
E640,眉山药科职业学院
E641,天府新区信息职业学院
E642,德阳城市轨道交通职业学院
E643,德阳科贸职业学院
E644,江阳城建职业学院
E645,天府新区航空旅游职业学院
E646,天府新区通用航空职业学院
E649,云南医药健康职业学院
E650,神木职业技术学院
E651,宝鸡三和职业学院
E652,和田职业技术学院
E654,郑州西亚斯学院
E655,深圳技术大学
E656,萍乡卫生职业学院
E657,江西婺源茶业职业学院
E660,铁门关职业技术学院
E661,石河子工程职业技术学院
E665,赣州职业技术学院
E666,青岛工程职业学院
E668,广西自然资源职业技术学院
E670,内江卫生与健康职业学院
E671,南充科技职业学院
E672,攀枝花攀西职业学院
E673,资阳口腔职业学院
E674,资阳环境科技职业学院
E675,云南理工职业学院
E677,喀什职业技术学院
E678,克孜勒苏职业技术学院
E679,新疆科信职业技术学院
E680,阿勒泰职业技术学院
E682,安徽艺术学院
E686,邯郸幼儿师范高等专科学校
E688,青岛幼儿师范高等专科学校
E689,烟台幼儿师范高等专科学校
E693,钦州幼儿师范高等专科学校
E695,邯郸科技职业学院
E696,唐山海运职业学院
E699,赤峰应用技术职业学院
E700,鞍山职业技术学院
E701,长春早期教育职业学院
E704,黄山健康职业学院
E706,九江理工职业学院
E707,烟台文化旅游职业学院
E708,临沂科技职业学院
E709,青岛航空科技职业学院
E710,潍坊环境工程职业学院
E713,濮阳石油化工职业技术学院
E714,南阳科技职业学院
E715,兰考三农职业学院
E716,汝州职业技术学院
E717,林州建筑职业技术学院
E721,湖北健康职业学院
E723,广西物流职业技术学院
E724,海南卫生健康职业学院
E725,重庆理工职业学院
E726,重庆智能工程职业学院
E727,重庆健康职业学院
E728,南充文化旅游职业学院
E729,南充电影工业职业学院
E730,绵阳飞行职业学院
E731,德阳农业科技职业学院
E732,泸州医疗器械职业学院
E733,贵州机电职业技术学院
E735,贵州民用航空职业学院
E737,榆林能源科技职业学院
E738,培黎职业学院
E740,塔城职业技术学院
E741,塔里木职业技术学院
E742,邢台应用技术职业学院
E743,吉林通用航空职业技术学院
E744,通化医药健康职业学院
E747,宿州航空职业学院
E748,和君职业学院
E749,滨州科技职业学院
E754,郑州医药健康职业学院
E755,湖北孝感美珈职业学院
E761,广东肇庆航空职业学院
E764,广西农业工程职业技术学院
E765,北海康养职业学院
E768,自贡职业技术学院
E770,宝鸡中北职业学院
E772,白银希望职业技术学院
E776,重庆五一职业技术学院
E778,上海科创职业技术学院
E779,上海闵行职业技术学院
E780,上海现代化工职业学院
E781,上海建设管理职业技术学院
E786,沧州航空职业学院
E787,邯郸应用技术职业学院
E788,秦皇岛工业职业技术学院
E790,濮阳科技职业学院
E800,贵州铜仁数据职业学院
E805,新疆司法警官职业学院
E806,阿克苏工业职业技术学院
E807,吉安幼儿师范高等专科学校
E809,山东城市服务职业学院
E810,潍坊食品科技职业学院
E811,烟台城市科技职业学院
E812,郑州食品工程职业学院
E820,衡阳科技职业学院
E822,桂林信息工程职业学院
E823,定西职业技术学院
E824,喀什理工职业技术学院
E825,图木舒克职业技术学院
E826,可克达拉职业技术学院
E827,新星职业技术学院
E828,昆玉职业技术学院
E829,海南比勒费尔德应用科学大学
E830,重庆中医药学院
E832,襄阳科技职业学院
E833,宜昌科技职业学院
E835,遂宁工程职业学院
E836,遂宁职业学院
E837,江西樟树中医药职业学院
E838,重庆数字产业职业技术学院
E839,长春数字科技职业学院
E840,上海浦东职业技术学院
E846,海南东方新丝路职业学院
E848,贵州传媒职业学院
E849,贵州生态能源职业学院
E854,宿迁幼儿师范高等专科学校
E855,无锡师范高等专科学校
E857,德州工程职业学院
E858,日照康养职业学院
E859,烟台卫生健康职业学院
E860,山东文化艺术职业学院
E864,周口城市职业学院
E870,重庆现代制造职业学院
E876,乌鲁木齐职业技术学院
E877,双河职业技术学院
E878,康复大学
E881,青海理工学院
E892,长沙医药健康职业学院
E893,三亚护理职业学院
E897,新疆工业学院
E899,湖北三峡航空学院
E902,长沙科技职业学院
E903,株洲科技职业学院
E904,衡阳理工职业学院
E923,聊城科技职业学院
E924,济宁汽车工程职业学院
E925,日照科技职业学院
E926,枣庄应用技术职业学院
E927,临沂城市职业学院
E928,菏泽生物医药职业学院
E940,日喀则职业技术学院
F201,山西工程科技职业大学
F202,河北石油职业技术大学
F203,河北科技工程职业技术大学
F204,河北工业职业技术大学
F205,广西农业职业技术大学
F206,贵阳康养职业大学
F208,兰州资源环境职业技术大学
F209,兰州石化职业技术大学
F301,宁波诺丁汉大学
F302,西交利物浦大学
F401,北京师范大学-香港浸会大学联合国际学院
F405,温州肯恩大学
F409,深圳北理莫斯科大学
F410,广东以色列理工学院
F411,福州墨尔本理工职业学院
G127,内蒙古科技大学包头师范学院
G213,哈尔滨工业大学(深圳)
H001,北京大学医学部
H002,中国人民大学(苏州校区)
H004,北京交通大学(威海校区)
H013,北京邮电大学(宏福校区)
H027,北京师范大学(珠海校区)
H127,内蒙古科技大学包头医学院
H141,大连理工大学(盘锦校区)
H145,东北大学秦皇岛分校
H213,哈尔滨工业大学(威海)
H246,复旦大学医学院
H248,上海交通大学医学院
H335,浙江大学医学院
H359,合肥工业大学(宣城校区)
H414,中国石油大学(北京)克拉玛依校区
H422,山东大学威海分校
H614,电子科技大学(沙河校区)
H635,西南大学(荣昌校区)
K084,陕西机电职业技术学院
K139,河北资源环境职业技术学院
K371,上海南湖职业技术学院
K559,宁波幼儿师范高等专科学校
K881,广元中核职业技术学院
K963,贵州航空职业技术学院
M060,新疆工业职业技术学院
M189,山西能源学院
M285,江西飞行学院
M378,甘肃财贸职业学院
M721,河北环境工程学院
M759,重庆工信职业学院
N012,香港珠海学院
P002,国防科技大学
P004,陆军工程大学
P017,海军军医大学
P020,海军军医大学
P027,空军军医大学
P030,空军军医大学
T035,桂林生命与健康职业技术学院
T312,上饶幼儿师范高等专科学校
T335,长春师范高等专科学校
T466,盐城幼儿师范高等专科学校
T519,抚州幼儿师范高等专科学校
Y000,哈尔滨理工大学
Y001,山东大学
Y003,青岛科技大学
Y004,青岛理工大学
Y005,齐鲁工业大学
Y006,山东师范大学
Y008,山东商业职业技术学院
Y010,山东交通学院
Y012,山东外贸职业学院
Y014,山东财经大学
Y015,山东建筑大学
Y016,济南大学
Y017,青岛大学
Y018,山东科技大学
Y021,山东科技大学
Y024,山东大学
Y030,厦门大学
