school_code,school_name,province,city,school_nature,education_level,school_type,is_public
A001,北京大学,,,公办,本科,,True
A002,中国人民大学,,,公办,本科,,True
A003,清华大学,,,公办,本科,,True
A004,北京交通大学,,,公办,本科,,True
A005,北京工业大学,,,公办,本科,,True
A006,北京航空航天大学,,,公办,本科,,True
A007,北京理工大学,,,公办,本科,,True
A008,北京科技大学,,,公办,本科,,True
A009,北方工业大学,,,公办,本科,,True
A010,北京化工大学,,,公办,本科,,True
A011,北京工商大学,,,公办,本科,,True
A012,北京服装学院,,,公办,本科,,True
A013,北京邮电大学,,,公办,本科,,True
A015,北京印刷学院,,,公办,本科,,True
A016,北京建筑大学,,,公办,本科,,True
A017,北京石油化工学院,,,公办,本科,,True
A019,中国农业大学,,,公办,本科,,True
A020,北京农学院,,,公办,本科,,True
A022,北京林业大学,,,公办,本科,,True
A023,北京协和医学院,,,公办,本科,,True
A025,首都医科大学,,,公办,本科,,True
A026,北京中医药大学,,,公办,本科,,True
A027,北京师范大学,,,公办,本科,,True
A028,首都师范大学,,,公办,本科,,True
A030,北京外国语大学,,,公办,本科,,True
A031,北京第二外国语学院,,,公办,本科,,True
A032,北京语言大学,,,公办,本科,,True
A033,中国传媒大学,,,公办,本科,,True
A034,中央财经大学,,,公办,本科,,True
A036,对外经济贸易大学,,,公办,本科,,True
A037,北京物资学院,,,公办,本科,,True
A038,首都经济贸易大学,,,公办,本科,,True
A041,中国人民公安大学,,,公办,本科,,True
A043,北京体育大学,,,公办,本科,,True
A047,中央美术学院,,,公办,本科,,True
A048,中央戏剧学院,,,公办,本科,,True
A049,中国戏曲学院,,,公办,本科,,True
A050,北京电影学院,,,公办,本科,,True
A051,北京舞蹈学院,,,公办,本科,,True
A052,中央民族大学,,,公办,本科,,True
A053,中国政法大学,,,公办,本科,,True
A054,华北电力大学(北京),,,公办,本科,,True
A055,南开大学,,,公办,本科,,True
A056,天津大学,,,公办,本科,,True
A057,天津科技大学,,,公办,本科,,True
A058,天津工业大学,,,公办,本科,,True
A059,中国民航大学,,,公办,本科,,True
A060,天津理工大学,,,公办,本科,,True
A061,天津农学院,,,公办,本科,,True
A062,天津医科大学,,,公办,本科,,True
A063,天津中医药大学,,,公办,本科,,True
A065,天津师范大学,,,公办,本科,,True
A066,天津职业技术师范大学,,,公办,本科,,True
A068,天津外国语大学,,,公办,本科,,True
A069,天津商业大学,,,公办,本科,,True
A070,天津财经大学,,,公办,本科,,True
A071,天津体育学院,,,公办,本科,,True
A073,天津美术学院,,,公办,本科,,True
A075,河北大学,,,公办,本科,,True
A076,河北工程大学,,,公办,本科,,True
A077,河北地质大学,,,公办,本科,,True
A078,华北水利水电大学,,,公办,本科,,True
A079,华北电力大学(保定),,,公办,本科,,True
A080,河北工业大学,,,公办,本科,,True
A081,华北理工大学,,,公办,本科,,True
A082,河北科技大学,,,公办,本科,,True
A084,河北建筑工程学院,,,公办,本科,,True
A085,河北水利电力学院,,,公办,本科,,True
A086,河北农业大学,,,公办,本科,,True
A089,河北医科大学,,,公办,本科,,True
A092,河北北方学院,,,公办,本科,,True
A093,承德医学院,,,公办,本科,,True
A094,河北师范大学,,,公办,本科,,True
A096,保定学院,,,公办,本科,,True
A098,河北民族师范学院,,,公办,本科,,True
A099,唐山师范学院,,,公办,本科,,True
A100,廊坊师范学院,,,公办,本科,,True
A101,衡水学院,,,公办,本科,,True
A102,石家庄学院,,,公办,本科,,True
A103,邯郸学院,,,公办,本科,,True
A104,邢台学院,,,公办,本科,,True
A105,沧州师范学院,,,公办,本科,,True
A107,石家庄铁道大学,,,公办,本科,,True
A108,山西大学,,,公办,本科,,True
A109,太原科技大学,,,公办,本科,,True
A110,中北大学,,,公办,本科,,True
A112,太原理工大学,,,公办,本科,,True
A113,山西农业大学,,,公办,本科,,True
A114,山西医科大学,,,公办,本科,,True
A117,长治医学院,,,公办,本科,,True
A118,山西师范大学,,,公办,本科,,True
A119,太原师范学院,,,公办,本科,,True
A120,山西大同大学,,,公办,本科,,True
A121,晋中学院,,,公办,本科,,True
A122,长治学院,,,公办,本科,,True
A123,运城学院,,,公办,本科,,True
A124,忻州师范学院,,,公办,本科,,True
A125,山西财经大学,,,公办,本科,,True
A126,内蒙古大学,,,公办,本科,,True
A127,内蒙古科技大学,,,公办,本科,,True
A128,内蒙古工业大学,,,公办,本科,,True
A129,内蒙古农业大学,,,公办,本科,,True
A132,内蒙古医科大学,,,公办,本科,,True
A135,内蒙古师范大学,,,公办,本科,,True
A136,内蒙古民族大学,,,公办,本科,,True
A138,赤峰学院,,,公办,本科,,True
A139,内蒙古财经大学,,,公办,本科,,True
A140,辽宁大学,,,公办,本科,,True
A141,大连理工大学,,,公办,本科,,True
A142,沈阳工业大学,,,公办,本科,,True
A143,沈阳航空航天大学,,,公办,本科,,True
A144,沈阳理工大学,,,公办,本科,,True
A145,东北大学,,,公办,本科,,True
A146,辽宁科技大学,,,公办,本科,,True
A147,辽宁工程技术大学,,,公办,本科,,True
A148,辽宁石油化工大学,,,公办,本科,,True
A149,沈阳化工大学,,,公办,本科,,True
A150,大连交通大学,,,公办,本科,,True
A151,大连海事大学,,,公办,本科,,True
A152,大连工业大学,,,公办,本科,,True
A153,沈阳建筑大学,,,公办,本科,,True
A154,辽宁工业大学,,,公办,本科,,True
A157,沈阳农业大学,,,公办,本科,,True
A158,大连海洋大学,,,公办,本科,,True
A159,中国医科大学,,,公办,本科,,True
A160,锦州医科大学,,,公办,本科,,True
A161,大连医科大学,,,公办,本科,,True
A162,辽宁中医药大学,,,公办,本科,,True
A163,沈阳药科大学,,,公办,本科,,True
A164,沈阳医学院,,,公办,本科,,True
A165,辽宁师范大学,,,公办,本科,,True
A166,沈阳师范大学,,,公办,本科,,True
A167,渤海大学,,,公办,本科,,True
A169,鞍山师范学院,,,公办,本科,,True
A171,朝阳师范高等专科学校,,,公办,本科,,True
A172,大连外国语大学,,,公办,本科,,True
A173,东北财经大学,,,公办,本科,,True
A176,沈阳体育学院,,,公办,本科,,True
A177,沈阳音乐学院,,,公办,本科,,True
A178,鲁迅美术学院,,,公办,本科,,True
A180,锦州师范高等专科学校,,,公办,本科,,True
A181,营口职业技术学院,,,公办,本科,,True
A182,铁岭师范高等专科学校,,,公办,本科,,True
A183,吉林大学,,,公办,本科,,True
A184,延边大学,,,公办,本科,,True
A186,长春理工大学,,,公办,本科,,True
A188,东北电力大学,,,公办,本科,,True
A190,长春工业大学,,,公办,本科,,True
A191,吉林建筑大学,,,公办,本科,,True
A192,吉林化工学院,,,公办,本科,,True
A193,吉林农业大学,,,公办,本科,,True
A199,长春中医药大学,,,公办,本科,,True
A200,东北师范大学,,,公办,本科,,True
A201,北华大学,,,公办,本科,,True
A202,通化师范学院,,,公办,本科,,True
A203,吉林师范大学,,,公办,本科,,True
A204,吉林工程技术师范学院,,,公办,本科,,True
A205,长春师范大学,,,公办,本科,,True
A206,白城师范学院,,,公办,本科,,True
A207,吉林财经大学,,,公办,本科,,True
A208,吉林体育学院,,,公办,本科,,True
A209,吉林艺术学院,,,公办,本科,,True
A212,黑龙江大学,,,公办,本科,,True
A213,哈尔滨工业大学,,,公办,本科,,True
A214,哈尔滨理工大学,,,公办,本科,,True
A216,燕山大学,,,公办,本科,,True
A217,哈尔滨工程大学,,,公办,本科,,True
A219,黑龙江科技大学,,,公办,本科,,True
A220,东北石油大学,,,公办,本科,,True
A222,佳木斯大学,,,公办,本科,,True
A223,黑龙江八一农垦大学,,,公办,本科,,True
A224,东北农业大学,,,公办,本科,,True
A225,东北林业大学,,,公办,本科,,True
A226,哈尔滨医科大学,,,公办,本科,,True
A228,黑龙江中医药大学,,,公办,本科,,True
A229,牡丹江医学院,,,公办,本科,,True
A231,哈尔滨师范大学,,,公办,本科,,True
A232,齐齐哈尔大学,,,公办,本科,,True
A233,牡丹江师范学院,,,公办,本科,,True
A234,哈尔滨学院,,,公办,本科,,True
A235,大庆师范学院,,,公办,本科,,True
A236,绥化学院,,,公办,本科,,True
A238,齐齐哈尔高等师范专科学校,,,公办,本科,,True
A240,哈尔滨商业大学,,,公办,本科,,True
A242,哈尔滨体育学院,,,公办,本科,,True
A245,哈尔滨金融学院,,,公办,本科,,True
A246,复旦大学,,,公办,本科,,True
A247,同济大学,,,公办,本科,,True
A248,上海交通大学,,,公办,本科,,True
A251,华东理工大学,,,公办,本科,,True
A252,上海理工大学,,,公办,本科,,True
A254,上海海事大学,,,公办,本科,,True
A255,东华大学,,,公办,本科,,True
A256,上海电力大学,,,公办,本科,,True
A259,上海应用技术大学,,,公办,本科,,True
A262,上海健康医学院,,,公办,本科,,True
A264,上海海洋大学,,,公办,本科,,True
A268,上海中医药大学,,,公办,本科,,True
A269,华东师范大学,,,公办,本科,,True
A270,上海师范大学,,,公办,本科,,True
A271,上海外国语大学,,,公办,本科,,True
A272,上海财经大学,,,公办,本科,,True
A273,上海对外经贸大学,,,公办,本科,,True
A274,上海海关学院,,,公办,本科,,True
A275,上海旅游高等专科学校,,,公办,本科,,True
A276,华东政法大学,,,公办,本科,,True
A277,上海体育大学,,,公办,本科,,True
A278,上海音乐学院,,,公办,本科,,True
A279,上海戏剧学院,,,公办,本科,,True
A280,上海大学,,,公办,本科,,True
A284,南京大学,,,公办,本科,,True
A285,苏州大学,,,公办,本科,,True
A286,东南大学,,,公办,本科,,True
A287,南京航空航天大学,,,公办,本科,,True
A288,南京理工大学,,,公办,本科,,True
A289,江苏科技大学,,,公办,本科,,True
A290,中国矿业大学,,,公办,本科,,True
A291,南京工业大学,,,公办,本科,,True
A292,常州大学,,,公办,本科,,True
A293,南京邮电大学,,,公办,本科,,True
A294,河海大学,,,公办,本科,,True
A295,江南大学,,,公办,本科,,True
A298,南京林业大学,,,公办,本科,,True
A299,江苏大学,,,公办,本科,,True
A300,南京信息工程大学,,,公办,本科,,True
A304,南通大学,,,公办,本科,,True
A307,南京农业大学,,,公办,本科,,True
A312,南京医科大学,,,公办,本科,,True
A313,徐州医科大学,,,公办,本科,,True
A315,南京中医药大学,,,公办,本科,,True
A316,中国药科大学,,,公办,本科,,True
A319,南京师范大学,,,公办,本科,,True
A320,江苏师范大学,,,公办,本科,,True
A323,淮阴师范学院,,,公办,本科,,True
A324,盐城师范学院,,,公办,本科,,True
A327,南京财经大学,,,公办,本科,,True
A330,南京体育学院,,,公办,本科,,True
A331,南京艺术学院,,,公办,本科,,True
A332,苏州科技大学,,,公办,本科,,True
A333,常熟理工学院,,,公办,本科,,True
A335,浙江大学,,,公办,本科,,True
A336,杭州电子科技大学,,,公办,本科,,True
A337,浙江工业大学,,,公办,本科,,True
A338,浙江理工大学,,,公办,本科,,True
A340,浙江海洋大学,,,公办,本科,,True
A341,浙江农林大学,,,公办,本科,,True
A343,温州医科大学,,,公办,本科,,True
A344,浙江中医药大学,,,公办,本科,,True
A345,浙江师范大学,,,公办,本科,,True
A346,杭州师范大学,,,公办,本科,,True
A347,湖州师范学院,,,公办,本科,,True
A349,绍兴文理学院,,,公办,本科,,True
A350,台州学院,,,公办,本科,,True
A351,温州大学,,,公办,本科,,True
A352,丽水学院,,,公办,本科,,True
A353,浙江工商大学,,,公办,本科,,True
A354,嘉兴学院,,,公办,本科,,True
A355,中国美术学院,,,公办,本科,,True
A356,中国计量大学,,,公办,本科,,True
A357,安徽大学,,,公办,本科,,True
A358,中国科学技术大学,,,公办,本科,,True
A359,合肥工业大学,,,公办,本科,,True
A360,安徽工业大学,,,公办,本科,,True
A361,安徽理工大学,,,公办,本科,,True
A363,安徽工程大学,,,公办,本科,,True
A364,安徽农业大学,,,公办,本科,,True
A366,安徽医科大学,,,公办,本科,,True
A367,蚌埠医学院,,,公办,本科,,True
A369,安徽中医药大学,,,公办,本科,,True
A370,安徽师范大学,,,公办,本科,,True
A371,阜阳师范大学,,,公办,本科,,True
A372,安庆师范大学,,,公办,本科,,True
A373,淮北师范大学,,,公办,本科,,True
A375,黄山学院,,,公办,本科,,True
A377,滁州学院,,,公办,本科,,True
A378,安徽财经大学,,,公办,本科,,True
A379,宿州学院,,,公办,本科,,True
A380,巢湖学院,,,公办,本科,,True
A381,淮南师范学院,,,公办,本科,,True
A383,铜陵学院,,,公办,本科,,True
A384,厦门大学,,,公办,本科,,True
A385,华侨大学,,,公办,本科,,True
A386,福州大学,,,公办,本科,,True
A388,福建理工大学,,,公办,本科,,True
A389,福建农林大学,,,公办,本科,,True
A390,集美大学,,,公办,本科,,True
A392,福建医科大学,,,公办,本科,,True
A393,福建中医药大学,,,公办,本科,,True
A394,福建师范大学,,,公办,本科,,True
A395,闽江学院,,,公办,本科,,True
A397,武夷学院,,,公办,本科,,True
A398,宁德师范学院,,,公办,本科,,True
A399,泉州师范学院,,,公办,本科,,True
A402,闽南师范大学,,,公办,本科,,True
A403,南昌大学,,,公办,本科,,True
A404,华东交通大学,,,公办,本科,,True
A405,东华理工大学,,,公办,本科,,True
A406,南昌航空大学,,,公办,本科,,True
A407,江西理工大学,,,公办,本科,,True
A408,景德镇陶瓷大学,,,公办,本科,,True
A410,江西农业大学,,,公办,本科,,True
A412,江西中医药大学,,,公办,本科,,True
A413,赣南医学院,,,公办,本科,,True
A414,江西师范大学,,,公办,本科,,True
A416,上饶师范学院,,,公办,本科,,True
A417,宜春学院,,,公办,本科,,True
A418,赣南师范大学,,,公办,本科,,True
A419,井冈山大学,,,公办,本科,,True
A421,江西财经大学,,,公办,本科,,True
A422,山东大学,,,公办,本科,,True
A423,中国海洋大学,,,公办,本科,,True
A424,山东科技大学,,,公办,本科,,True
A425,中国石油大学(华东),,,公办,本科,,True
A426,青岛科技大学,,,公办,本科,,True
A427,济南大学,,,公办,本科,,True
A429,青岛理工大学,,,公办,本科,,True
A430,山东建筑大学,,,公办,本科,,True
A431,齐鲁工业大学,,,公办,本科,,True
A433,山东理工大学,,,公办,本科,,True
A434,山东农业大学,,,公办,本科,,True
A435,青岛农业大学,,,公办,本科,,True
A438,潍坊医学院,,,公办,本科,,True
A439,山东第一医科大学,,,公办,本科,,True
A440,滨州医学院,,,公办,本科,,True
A441,山东中医药大学,,,公办,本科,,True
A442,山东医学高等专科学校,,,公办,本科,,True
A443,济宁医学院,,,公办,本科,,True
A444,菏泽医学专科学校,,,公办,本科,,True
A445,山东师范大学,,,公办,本科,,True
A446,曲阜师范大学,,,公办,本科,,True
A447,聊城大学,,,公办,本科,,True
A448,德州学院,,,公办,本科,,True
A449,滨州学院,,,公办,本科,,True
A451,鲁东大学,,,公办,本科,,True
A452,临沂大学,,,公办,本科,,True
A453,泰山学院,,,公办,本科,,True
A454,济宁学院,,,公办,本科,,True
A455,菏泽学院,,,公办,本科,,True
A456,山东财经大学,,,公办,本科,,True
A457,山东体育学院,,,公办,本科,,True
A458,山东艺术学院,,,公办,本科,,True
A459,郑州大学,,,公办,本科,,True
A460,河南理工大学,,,公办,本科,,True
A462,郑州轻工业大学,,,公办,本科,,True
A463,河南工业大学,,,公办,本科,,True
A464,河南科技大学,,,公办,本科,,True
A465,中原工学院,,,公办,本科,,True
A466,河南农业大学,,,公办,本科,,True
A467,河南科技学院,,,公办,本科,,True
A469,河南牧业经济学院,,,公办,本科,,True
A471,河南中医药大学,,,公办,本科,,True
A472,新乡医学院,,,公办,本科,,True
A475,河南大学,,,公办,本科,,True
A476,河南师范大学,,,公办,本科,,True
A477,信阳师范大学,,,公办,本科,,True
A478,周口师范学院,,,公办,本科,,True
A479,安阳师范学院,,,公办,本科,,True
A480,许昌学院,,,公办,本科,,True
A481,南阳师范学院,,,公办,本科,,True
A482,洛阳师范学院,,,公办,本科,,True
A483,商丘师范学院,,,公办,本科,,True
A484,河南财经政法大学,,,公办,本科,,True
A485,郑州航空工业管理学院,,,公办,本科,,True
A486,武汉大学,,,公办,本科,,True
A487,华中科技大学,,,公办,本科,,True
A488,武汉科技大学,,,公办,本科,,True
A489,长江大学,,,公办,本科,,True
A490,武汉工程大学,,,公办,本科,,True
A491,中国地质大学(武汉),,,公办,本科,,True
A495,武汉纺织大学,,,公办,本科,,True
A496,武汉轻工大学,,,公办,本科,,True
A497,武汉理工大学,,,公办,本科,,True
A500,湖北工业大学,,,公办,本科,,True
A504,华中农业大学,,,公办,本科,,True
A507,湖北中医药大学,,,公办,本科,,True
A511,华中师范大学,,,公办,本科,,True
A512,湖北大学,,,公办,本科,,True
A513,湖北师范大学,,,公办,本科,,True
A514,黄冈师范学院,,,公办,本科,,True
A517,湖北民族大学,,,公办,本科,,True
A518,汉江师范学院,,,公办,本科,,True
A519,湖北文理学院,,,公办,本科,,True
A520,中南财经政法大学,,,公办,本科,,True
A522,武汉体育学院,,,公办,本科,,True
A523,湖北美术学院,,,公办,本科,,True
A524,中南民族大学,,,公办,本科,,True
A525,湖北汽车工业学院,,,公办,本科,,True
A528,湖北工程学院,,,公办,本科,,True
A530,湘潭大学,,,公办,本科,,True
A531,吉首大学,,,公办,本科,,True
A532,湖南大学,,,公办,本科,,True
A533,中南大学,,,公办,本科,,True
A534,湖南科技大学,,,公办,本科,,True
A536,长沙理工大学,,,公办,本科,,True
A537,湖南农业大学,,,公办,本科,,True
A538,中南林业科技大学,,,公办,本科,,True
A541,湖南中医药大学,,,公办,本科,,True
A542,湖南师范大学,,,公办,本科,,True
A543,湖南理工学院,,,公办,本科,,True
A545,湘南学院,,,公办,本科,,True
A546,衡阳师范学院,,,公办,本科,,True
A547,邵阳学院,,,公办,本科,,True
A548,怀化学院,,,公办,本科,,True
A549,湖南文理学院,,,公办,本科,,True
A551,湖南科技学院,,,公办,本科,,True
A553,湖南人文科技学院,,,公办,本科,,True
A554,湖南工商大学,,,公办,本科,,True
A555,南华大学,,,公办,本科,,True
A558,中山大学,,,公办,本科,,True
A559,暨南大学,,,公办,本科,,True
A560,汕头大学,,,公办,本科,,True
A561,华南理工大学,,,公办,本科,,True
A564,华南农业大学,,,公办,本科,,True
A566,广东海洋大学,,,公办,本科,,True
A571,广东医科大学,,,公办,本科,,True
A572,广州中医药大学,,,公办,本科,,True
A573,广东药科大学,,,公办,本科,,True
A574,华南师范大学,,,公办,本科,,True
A576,韶关学院,,,公办,本科,,True
A577,惠州学院,,,公办,本科,,True
A578,韩山师范学院,,,公办,本科,,True
A579,岭南师范学院,,,公办,本科,,True
A580,肇庆学院,,,公办,本科,,True
A582,嘉应学院,,,公办,本科,,True
A585,广州体育学院,,,公办,本科,,True
A587,星海音乐学院,,,公办,本科,,True
A588,广东技术师范大学,,,公办,本科,,True
A589,海南大学,,,公办,本科,,True
A590,深圳大学,,,公办,本科,,True
A592,广东财经大学,,,公办,本科,,True
A593,广西大学,,,公办,本科,,True
A594,广西科技大学,,,公办,本科,,True
A595,桂林电子科技大学,,,公办,本科,,True
A596,桂林理工大学,,,公办,本科,,True
A598,广西医科大学,,,公办,本科,,True
A599,右江民族医学院,,,公办,本科,,True
A600,广西中医药大学,,,公办,本科,,True
A601,桂林医学院,,,公办,本科,,True
A602,广西师范大学,,,公办,本科,,True
A603,南宁师范大学,,,公办,本科,,True
A605,河池学院,,,公办,本科,,True
A606,玉林师范学院,,,公办,本科,,True
A607,广西艺术学院,,,公办,本科,,True
A608,广西民族大学,,,公办,本科,,True
A609,百色学院,,,公办,本科,,True
A610,四川大学,,,公办,本科,,True
A611,重庆大学,,,公办,本科,,True
A613,西南交通大学,,,公办,本科,,True
A614,电子科技大学,,,公办,本科,,True
A615,西南石油大学,,,公办,本科,,True
A616,成都理工大学,,,公办,本科,,True
A617,重庆邮电大学,,,公办,本科,,True
A618,重庆交通大学,,,公办,本科,,True
A619,西南科技大学,,,公办,本科,,True
A621,成都信息工程大学,,,公办,本科,,True
A622,四川轻化工大学,,,公办,本科,,True
A623,西华大学,,,公办,本科,,True
A624,中国民用航空飞行学院,,,公办,本科,,True
A626,四川农业大学,,,公办,本科,,True
A628,西昌学院,,,公办,本科,,True
A631,重庆医科大学,,,公办,本科,,True
A632,西南医科大学,,,公办,本科,,True
A633,成都中医药大学,,,公办,本科,,True
A634,川北医学院,,,公办,本科,,True
A635,西南大学,,,公办,本科,,True
A636,四川师范大学,,,公办,本科,,True
A637,重庆师范大学,,,公办,本科,,True
A638,西华师范大学,,,公办,本科,,True
A639,绵阳师范学院,,,公办,本科,,True
A640,内江师范学院,,,公办,本科,,True
A642,重庆文理学院,,,公办,本科,,True
A643,重庆三峡学院,,,公办,本科,,True
A644,四川文理学院,,,公办,本科,,True
A646,阿坝师范学院,,,公办,本科,,True
A647,长江师范学院,,,公办,本科,,True
A649,乐山师范学院,,,公办,本科,,True
A650,四川外国语大学,,,公办,本科,,True
A651,西南财经大学,,,公办,本科,,True
A652,西南政法大学,,,公办,本科,,True
A653,成都体育学院,,,公办,本科,,True
A654,四川音乐学院,,,公办,本科,,True
A655,四川美术学院,,,公办,本科,,True
A656,西南民族大学,,,公办,本科,,True
A657,贵州大学,,,公办,本科,,True
A660,贵州医科大学,,,公办,本科,,True
A661,遵义医科大学,,,公办,本科,,True
A663,贵州师范大学,,,公办,本科,,True
A664,遵义师范学院,,,公办,本科,,True
A665,铜仁学院,,,公办,本科,,True
A666,兴义民族师范学院,,,公办,本科,,True
A667,安顺学院,,,公办,本科,,True
A669,凯里学院,,,公办,本科,,True
A670,黔南民族师范学院,,,公办,本科,,True
A671,贵州财经大学,,,公办,本科,,True
A672,贵州民族大学,,,公办,本科,,True
A673,云南大学,,,公办,本科,,True
A674,昆明理工大学,,,公办,本科,,True
A676,云南农业大学,,,公办,本科,,True
A677,西南林业大学,,,公办,本科,,True
A678,昆明医科大学,,,公办,本科,,True
A679,大理大学,,,公办,本科,,True
A680,云南中医药大学,,,公办,本科,,True
A681,云南师范大学,,,公办,本科,,True
A684,曲靖师范学院,,,公办,本科,,True
A685,普洱学院,,,公办,本科,,True
A686,保山学院,,,公办,本科,,True
A687,红河学院,,,公办,本科,,True
A689,云南财经大学,,,公办,本科,,True
A690,云南艺术学院,,,公办,本科,,True
A691,云南民族大学,,,公办,本科,,True
A693,西藏农牧学院,,,公办,本科,,True
A694,西藏大学,,,公办,本科,,True
A695,西藏民族大学,,,公办,本科,,True
A697,西北大学,,,公办,本科,,True
A698,西安交通大学,,,公办,本科,,True
A699,西北工业大学,,,公办,本科,,True
A700,西安理工大学,,,公办,本科,,True
A701,西安电子科技大学,,,公办,本科,,True
A702,西安工业大学,,,公办,本科,,True
A703,西安建筑科技大学,,,公办,本科,,True
A704,西安科技大学,,,公办,本科,,True
A705,西安石油大学,,,公办,本科,,True
A708,陕西科技大学,,,公办,本科,,True
A709,西安工程大学,,,公办,本科,,True
A710,长安大学,,,公办,本科,,True
A712,西北农林科技大学,,,公办,本科,,True
A716,陕西中医药大学,,,公办,本科,,True
A718,陕西师范大学,,,公办,本科,,True
A719,延安大学,,,公办,本科,,True
A720,陕西理工大学,,,公办,本科,,True
A721,宝鸡文理学院,,,公办,本科,,True
A722,咸阳师范学院,,,公办,本科,,True
A723,渭南师范学院,,,公办,本科,,True
A724,西安外国语大学,,,公办,本科,,True
A726,西北政法大学,,,公办,本科,,True
A727,西安体育学院,,,公办,本科,,True
A728,西安音乐学院,,,公办,本科,,True
A729,西安美术学院,,,公办,本科,,True
A730,兰州大学,,,公办,本科,,True
A731,兰州理工大学,,,公办,本科,,True
A732,兰州交通大学,,,公办,本科,,True
A733,甘肃农业大学,,,公办,本科,,True
A735,甘肃中医药大学,,,公办,本科,,True
A736,西北师范大学,,,公办,本科,,True
A737,兰州城市学院,,,公办,本科,,True
A738,陇东学院,,,公办,本科,,True
A739,天水师范学院,,,公办,本科,,True
A740,河西学院,,,公办,本科,,True
A741,兰州财经大学,,,公办,本科,,True
A742,西北民族大学,,,公办,本科,,True
A743,青海大学,,,公办,本科,,True
A746,青海师范大学,,,公办,本科,,True
A748,青海民族大学,,,公办,本科,,True
A749,宁夏大学,,,公办,本科,,True
A752,宁夏医科大学,,,公办,本科,,True
A753,宁夏师范学院,,,公办,本科,,True
A755,新疆大学,,,公办,本科,,True
A757,塔里木大学,,,公办,本科,,True
A758,新疆农业大学,,,公办,本科,,True
A759,石河子大学,,,公办,本科,,True
A760,新疆医科大学,,,公办,本科,,True
A762,新疆师范大学,,,公办,本科,,True
A763,喀什大学,,,公办,本科,,True
A764,伊犁师范大学,,,公办,本科,,True
A765,和田师范专科学校,,,公办,本科,,True
A766,新疆财经大学,,,公办,本科,,True
A768,新疆艺术学院,,,公办,本科,,True
A792,天津城建大学,,,公办,本科,,True
A798,河北科技师范学院,,,公办,本科,,True
A809,山西中医药大学,,,公办,本科,,True
A812,吕梁学院,,,公办,本科,,True
A819,呼伦贝尔学院,,,公办,本科,,True
A822,广东白云学院,,,公办,本科,,True
A823,长沙医学院,,,公办,本科,,True
A824,河南职业技术学院,,,公办,本科,,True
A825,齐鲁医药学院,,,公办,本科,,True
A826,明达职业技术学院,,,公办,本科,,True
A827,长沙民政职业技术学院,,,公办,本科,,True
A830,湖南工业职业技术学院,,,公办,本科,,True
A832,山东商业职业技术学院,,,公办,本科,,True
A833,广东轻工职业技术大学,,,公办,本科,,True
A834,武汉职业技术学院,,,公办,本科,,True
A835,漯河职业技术学院,,,公办,本科,,True
A841,辽宁对外经贸学院,,,公办,本科,,True
A842,三门峡职业技术学院,,,公办,本科,,True
A843,郑州铁路职业技术学院,,,公办,本科,,True
A845,大连职业技术学院,,,公办,本科,,True
A846,江西科技学院,,,公办,本科,,True
A848,无锡职业技术学院,,,公办,本科,,True
A849,江苏建筑职业技术学院,,,公办,本科,,True
A850,南京工业职业技术大学,,,公办,本科,,True
A851,上海东海职业技术学院,,,公办,本科,,True
A852,上海工商职业技术学院,,,公办,本科,,True
A853,北京工业职业技术学院,,,公办,本科,,True
A856,上海工程技术大学,,,公办,本科,,True
A857,北京信息职业技术学院,,,公办,本科,,True
A858,北京电子科技职业学院,,,公办,本科,,True
A859,天津天狮学院,,,公办,本科,,True
A867,广西机电职业技术学院,,,公办,本科,,True
A868,青岛滨海学院,,,公办,本科,,True
A869,安徽职业技术学院,,,公办,本科,,True
A872,伊春职业学院,,,公办,本科,,True
A876,浙江万里学院,,,公办,本科,,True
A878,安徽建筑大学,,,公办,本科,,True
A879,安徽科技学院,,,公办,本科,,True
A888,江西医学高等专科学校,,,公办,本科,,True
A894,景德镇学院,,,公办,本科,,True
A895,萍乡学院,,,公办,本科,,True
A904,枣庄学院,,,公办,本科,,True
A908,山东工艺美术学院,,,公办,本科,,True
A918,黄淮学院,,,公办,本科,,True
A919,平顶山学院,,,公办,本科,,True
A920,湖北理工学院,,,公办,本科,,True
A927,湖北科技学院,,,公办,本科,,True
A929,湖北医药学院,,,公办,本科,,True
A955,黄冈职业技术学院,,,公办,本科,,True
A958,江苏工程职业技术学院,,,公办,本科,,True
A959,安徽三联学院,,,公办,本科,,True
A963,淮北职业技术学院,,,公办,本科,,True
A964,吉林外国语大学,,,公办,本科,,True
A976,贵阳学院,,,公办,本科,,True
A977,六盘水师范学院,,,公办,本科,,True
A994,新疆工程学院,,,公办,本科,,True
A995,新疆农业职业技术学院,,,公办,本科,,True
A997,昌吉学院,,,公办,本科,,True
B032,天津市职业大学,,,民办,本科,,False
B033,唐山学院,,,民办,本科,,False
B034,邯郸职业技术学院,,,民办,本科,,False
B035,沈阳大学,,,民办,本科,,False
B046,牡丹江大学,,,民办,本科,,False
B047,上海立信会计金融学院,,,民办,本科,,False
B048,金陵科技学院,,,民办,本科,,False
B049,淮阴工学院,,,民办,本科,,False
B050,连云港职业技术学院,,,民办,本科,,False
B051,镇江市高等专科学校,,,民办,本科,,False
B052,南通职业大学,,,民办,本科,,False
B053,徐州工程学院,,,民办,本科,,False
B054,苏州职业大学,,,民办,本科,,False
B055,常州工学院,,,民办,本科,,False
B057,浙江科技学院,,,民办,本科,,False
B058,宁波工程学院,,,民办,本科,,False
B059,合肥学院,,,民办,本科,,False
B061,芜湖职业技术学院,,,民办,本科,,False
B062,厦门理工学院,,,民办,本科,,False
B065,青岛大学,,,民办,本科,,False
B066,烟台大学,,,民办,本科,,False
B067,潍坊学院,,,民办,本科,,False
B068,郑州工程技术学院,,,民办,本科,,False
B069,开封大学,,,民办,本科,,False
B070,洛阳理工学院,,,民办,本科,,False
B071,新乡学院,,,民办,本科,,False
B072,江汉大学,,,民办,本科,,False
B074,荆州理工职业学院,,,民办,本科,,False
B075,三峡大学,,,民办,本科,,False
B077,长沙学院,,,民办,本科,,False
B078,广州大学,,,民办,本科,,False
B079,成都大学,,,民办,本科,,False
B080,西安文理学院,,,民办,本科,,False
B090,北京京北职业技术学院,,,民办,本科,,False
B100,海南热带海洋学院,,,民办,本科,,False
B104,华北科技学院,,,民办,本科,,False
B105,中国人民警察大学,,,民办,本科,,False
B106,广州航海学院,,,民办,本科,,False
B113,深圳职业技术大学,,,民办,本科,,False
B114,广东南华工商职业学院,,,民办,本科,,False
B116,成都工业学院,,,民办,本科,,False
B117,扬州大学,,,民办,本科,,False
B122,三江学院,,,民办,本科,,False
B149,中华女子学院,,,民办,本科,,False
B230,齐齐哈尔医学院,,,民办,本科,,False
B232,北京信息科技大学,,,民办,本科,,False
B238,石家庄职业技术学院,,,民办,本科,,False
B242,太原学院,,,民办,本科,,False
B248,辽宁农业职业技术学院,,,民办,本科,,False
B250,阜新高等专科学校,,,民办,本科,,False
B258,大连大学,,,民办,本科,,False
B261,吉林工商学院,,,民办,本科,,False
B276,南京工程学院,,,民办,本科,,False
B287,南京审计大学,,,民办,本科,,False
B288,沙洲职业工学院,,,民办,本科,,False
B305,蚌埠学院,,,民办,本科,,False
B306,池州学院,,,民办,本科,,False
B308,淮南联合大学,,,民办,本科,,False
B311,三明学院,,,民办,本科,,False
B312,龙岩学院,,,民办,本科,,False
B313,福建商学院,,,民办,本科,,False
B318,江西科技师范大学,,,民办,本科,,False
B319,南昌工程学院,,,民办,本科,,False
B326,信阳农林学院,,,民办,本科,,False
B329,河南工学院,,,民办,本科,,False
B330,安阳工学院,,,民办,本科,,False
B332,湖北警官学院,,,民办,本科,,False
B334,湖北工业职业技术学院,,,民办,本科,,False
B335,鄂州职业大学,,,民办,本科,,False
B336,荆楚理工学院,,,民办,本科,,False
B342,湖南工程学院,,,民办,本科,,False
B349,五邑大学,,,民办,本科,,False
B350,广西体育高等专科学校,,,民办,本科,,False
B354,梧州学院,,,民办,本科,,False
B355,南宁职业技术大学,,,民办,本科,,False
B360,攀枝花学院,,,民办,本科,,False
B390,玉溪师范学院,,,民办,本科,,False
B391,楚雄师范学院,,,民办,本科,,False
B392,云南警官学院,,,民办,本科,,False
B393,昆明学院,,,民办,本科,,False
B395,榆林学院,,,民办,本科,,False
B396,商洛学院,,,民办,本科,,False
B397,安康学院,,,民办,本科,,False
B400,西安培华学院,,,民办,本科,,False
B406,甘肃政法大学,,,民办,本科,,False
B407,北方民族大学,,,民办,本科,,False
B413,中国矿业大学(北京),,,民办,本科,,False
B414,中国石油大学(北京),,,民办,本科,,False
B415,中国地质大学(北京),,,民办,本科,,False
B417,北京联合大学,,,民办,本科,,False
B418,北京城市学院,,,民办,本科,,False
B420,河北金融学院,,,民办,本科,,False
B427,集宁师范学院,,,民办,本科,,False
B430,辽宁科技学院,,,民办,本科,,False
B436,长春汽车职业技术大学,,,民办,本科,,False
B437,长春工程学院,,,民办,本科,,False
B439,吉林农业科技学院,,,民办,本科,,False
B440,长春金融高等专科学校,,,民办,本科,,False
B441,吉林警察学院,,,民办,本科,,False
B445,黑龙江工业学院,,,民办,本科,,False
B446,黑龙江东方学院,,,民办,本科,,False
B449,黑龙江职业学院,,,民办,本科,,False
B458,上海电机学院,,,民办,本科,,False
B460,南京晓庄学院,,,民办,本科,,False
B462,扬州市职业大学,,,民办,本科,,False
B463,江苏理工学院,,,民办,本科,,False
B482,浙江财经大学,,,民办,本科,,False
B488,衢州学院,,,民办,本科,,False
B498,莆田学院,,,民办,本科,,False
B500,辽宁省交通高等专科学校,,,民办,本科,,False
B505,九江职业大学,,,民办,本科,,False
B508,新余学院,,,民办,本科,,False
B510,山东交通学院,,,民办,本科,,False
B517,河南工程学院,,,民办,本科,,False
B522,焦作大学,,,民办,本科,,False
B527,湖南城市学院,,,民办,本科,,False
B528,湖南工学院,,,民办,本科,,False
B532,湖南财政经济学院,,,民办,本科,,False
B535,湖南工业大学,,,民办,本科,,False
B538,湖南女子学院,,,民办,本科,,False
B540,广东金融学院,,,民办,本科,,False
B546,广西科技师范学院,,,民办,本科,,False
B547,广西警察学院,,,民办,本科,,False
B548,广西财经学院,,,民办,本科,,False
B549,南宁学院,,,民办,本科,,False
B551,重庆科技学院,,,民办,本科,,False
B552,四川旅游学院,,,民办,本科,,False
B553,成都纺织高等专科学校,,,民办,本科,,False
B556,文山学院,,,民办,本科,,False
B557,昆明冶金高等专科学校,,,民办,本科,,False
B560,西安财经大学,,,民办,本科,,False
B561,甘肃民族师范学院,,,民办,本科,,False
B562,兰州文理学院,,,民办,本科,,False
B565,乌鲁木齐职业大学,,,民办,本科,,False
B600,湖北经济学院,,,民办,本科,,False
B607,北部湾大学,,,民办,本科,,False
B608,广西水利电力职业技术学院,,,民办,本科,,False
B629,北华航天工业学院,,,民办,本科,,False
B630,山西省财政税务专科学校,,,民办,本科,,False
B632,沈阳工程学院,,,民办,本科,,False
B635,哈尔滨信息工程学院,,,民办,本科,,False
B641,江苏海洋大学,,,民办,本科,,False
B646,宁波大学,,,民办,本科,,False
B647,浙江传媒学院,,,民办,本科,,False
B652,河南财政金融学院,,,民办,本科,,False
B653,南阳理工学院,,,民办,本科,,False
B654,武汉商学院,,,民办,本科,,False
B656,广东石油化工学院,,,民办,本科,,False
B658,海南师范大学,,,民办,本科,,False
B660,重庆理工大学,,,民办,本科,,False
B663,黔南民族医学高等专科学校,,,民办,本科,,False
B664,西安邮电大学,,,民办,本科,,False
B688,山东工商学院,,,民办,本科,,False
B709,呼和浩特民族学院,,,民办,本科,,False
B726,长春大学,,,民办,本科,,False
B731,贵州商学院,,,民办,本科,,False
B733,上海出版印刷高等专科学校,,,民办,本科,,False
B736,西安航空学院,,,民办,本科,,False
B765,河南城建学院,,,民办,本科,,False
B775,防灾科技学院,,,民办,本科,,False
B779,辽东学院,,,民办,本科,,False
B784,仰恩大学,,,民办,本科,,False
B785,九江职业技术学院,,,民办,本科,,False
B787,濮阳职业技术学院,,,民办,本科,,False
B796,武汉城市职业学院,,,民办,本科,,False
B798,武汉东湖学院,,,民办,本科,,False
B799,重庆工商大学,,,民办,本科,,False
B800,汉口学院,,,民办,本科,,False
B802,黑龙江工程学院,,,民办,本科,,False
B805,甘肃医学院,,,民办,本科,,False
B806,陇南师范学院,,,民办,本科,,False
B807,兰州工业学院,,,民办,本科,,False
B810,海南医学院,,,民办,本科,,False
B818,新疆维吾尔医学专科学校,,,民办,本科,,False
B819,东莞理工学院,,,民办,本科,,False
B823,长春医学高等专科学校,,,民办,本科,,False
B824,桂林师范高等专科学校,,,民办,本科,,False
B825,桂林航天工业学院,,,民办,本科,,False
B826,西安电力高等专科学校,,,民办,本科,,False
B827,山东电力高等专科学校,,,民办,本科,,False
B828,郑州电力高等专科学校,,,民办,本科,,False
B831,首钢工学院,,,民办,本科,,False
B832,河北经贸大学,,,民办,本科,,False
B833,上海杉达学院,,,民办,本科,,False
B834,黄河科技学院,,,民办,本科,,False
B835,上海政法学院,,,民办,本科,,False
B837,桂林旅游学院,,,民办,本科,,False
B838,贺州学院,,,民办,本科,,False
B840,西安医学院,,,民办,本科,,False
B841,民办四川天一学院,,,民办,本科,,False
B843,九江学院,,,民办,本科,,False
B845,广东工业大学,,,民办,本科,,False
B846,广东外语外贸大学,,,民办,本科,,False
B847,佛山科学技术学院,,,民办,本科,,False
B908,天津医学高等专科学校,,,民办,本科,,False
B916,重庆电力高等专科学校,,,民办,本科,,False
B939,连云港师范高等专科学校,,,民办,本科,,False
B959,鹤岗师范高等专科学校,,,民办,本科,,False
B961,安徽医学高等专科学校,,,民办,本科,,False
B963,亳州学院,,,民办,本科,,False
B964,邢台医学高等专科学校,,,民办,本科,,False
B965,湖北中医药高等专科学校,,,民办,本科,,False
B967,焦作师范高等专科学校,,,民办,本科,,False
B968,安徽中医药高等专科学校,,,民办,本科,,False
B969,郑州师范学院,,,民办,本科,,False
B999,海南职业技术学院,,,民办,本科,,False
C026,大连民族大学,,,民办,独立学院（本科）,,False
C034,湖南第一师范学院,,,民办,独立学院（本科）,,False
C036,浙江交通职业技术学院,,,民办,独立学院（本科）,,False
C040,广州民航职业技术学院,,,民办,独立学院（本科）,,False
C044,上海第二工业大学,,,民办,独立学院（本科）,,False
C047,江苏经贸职业技术学院,,,民办,独立学院（本科）,,False
C048,南京特殊教育师范学院,,,民办,独立学院（本科）,,False
C049,吉林交通职业技术学院,,,民办,独立学院（本科）,,False
C050,上海商学院,,,民办,独立学院（本科）,,False
C051,湖北职业技术学院,,,民办,独立学院（本科）,,False
C052,武汉船舶职业技术学院,,,民办,独立学院（本科）,,False
C053,黑龙江建筑职业技术学院,,,民办,独立学院（本科）,,False
C054,九州职业技术学院,,,民办,独立学院（本科）,,False
C055,长沙航空职业技术学院,,,民办,独立学院（本科）,,False
C056,南通理工学院,,,民办,独立学院（本科）,,False
C057,包头职业技术学院,,,民办,独立学院（本科）,,False
C058,黄河水利职业技术学院,,,民办,独立学院（本科）,,False
C059,广东培正学院,,,民办,独立学院（本科）,,False
C062,日照职业技术学院,,,民办,独立学院（本科）,,False
C063,盘锦职业技术学院,,,民办,独立学院（本科）,,False
C064,成都航空职业技术学院,,,民办,独立学院（本科）,,False
C070,曲阜远东职业技术学院,,,民办,独立学院（本科）,,False
C072,安徽商贸职业技术学院,,,民办,独立学院（本科）,,False
C074,阜阳职业技术学院,,,民办,独立学院（本科）,,False
C078,硅湖职业技术学院,,,民办,独立学院（本科）,,False
C105,天津中德应用技术大学,,,民办,独立学院（本科）,,False
C107,贵州警察学院,,,民办,独立学院（本科）,,False
C121,南方医科大学,,,民办,独立学院（本科）,,False
C214,湖南医药学院,,,民办,独立学院（本科）,,False
C215,重庆工业职业技术学院,,,民办,独立学院（本科）,,False
C216,安徽新华学院,,,民办,独立学院（本科）,,False
C217,铜陵职业技术学院,,,民办,独立学院（本科）,,False
C219,安徽警官职业学院,,,民办,独立学院（本科）,,False
C222,贵州交通职业技术学院,,,民办,独立学院（本科）,,False
C300,湖南大众传媒职业技术学院,,,民办,独立学院（本科）,,False
C301,永州职业技术学院,,,民办,独立学院（本科）,,False
C302,湖南铁道职业技术学院,,,民办,独立学院（本科）,,False
C303,湖南涉外经济学院,,,民办,独立学院（本科）,,False
C304,湖南科技职业学院,,,民办,独立学院（本科）,,False
C306,长春东方职业学院,,,民办,独立学院（本科）,,False
C308,海口经济学院,,,民办,独立学院（本科）,,False
C309,武昌首义学院,,,民办,独立学院（本科）,,False
C310,武昌理工学院,,,民办,独立学院（本科）,,False
C317,常州信息职业技术学院,,,民办,独立学院（本科）,,False
C324,青岛职业技术学院,,,民办,独立学院（本科）,,False
C326,威海职业学院,,,民办,独立学院（本科）,,False
C328,山东职业学院,,,民办,独立学院（本科）,,False
C329,山东劳动职业技术学院,,,民办,独立学院（本科）,,False
C330,莱芜职业技术学院,,,民办,独立学院（本科）,,False
C331,山东女子学院,,,民办,独立学院（本科）,,False
C332,烟台南山学院,,,民办,独立学院（本科）,,False
C335,济宁职业技术学院,,,民办,独立学院（本科）,,False
C336,贵州电子信息职业技术学院,,,民办,独立学院（本科）,,False
C347,恩施职业技术学院,,,民办,独立学院（本科）,,False
C349,云南国土资源职业学院,,,民办,独立学院（本科）,,False
C352,河北软件职业技术学院,,,民办,独立学院（本科）,,False
C354,襄阳职业技术学院,,,民办,独立学院（本科）,,False
C356,广西交通职业技术学院,,,民办,独立学院（本科）,,False
C362,武汉生物工程学院,,,民办,独立学院（本科）,,False
C364,广西工业职业技术学院,,,民办,独立学院（本科）,,False
C379,广西国际商务职业技术学院,,,民办,独立学院（本科）,,False
C389,河北建材职业技术学院,,,民办,独立学院（本科）,,False
C391,潍坊职业学院,,,民办,独立学院（本科）,,False
C392,柳州铁道职业技术学院,,,民办,独立学院（本科）,,False
C396,烟台职业学院,,,民办,独立学院（本科）,,False
C397,湖南交通职业技术学院,,,民办,独立学院（本科）,,False
C408,河北政法职业学院,,,民办,独立学院（本科）,,False
C410,合肥通用职业技术学院,,,民办,独立学院（本科）,,False
C415,沧州职业技术学院,,,民办,独立学院（本科）,,False
C418,河北能源职业技术学院,,,民办,独立学院（本科）,,False
C424,石家庄铁路职业技术学院,,,民办,独立学院（本科）,,False
C425,湖南工程职业技术学院,,,民办,独立学院（本科）,,False
C440,东营职业学院,,,民办,独立学院（本科）,,False
C441,聊城职业技术学院,,,民办,独立学院（本科）,,False
C443,兴安职业技术大学,,,民办,独立学院（本科）,,False
C448,北京农业职业学院,,,民办,独立学院（本科）,,False
C451,北京政法职业学院,,,民办,独立学院（本科）,,False
C453,中国劳动关系学院,,,民办,独立学院（本科）,,False
C481,拉萨师范学院,,,民办,独立学院（本科）,,False
C482,克拉玛依职业技术学院,,,民办,独立学院（本科）,,False
C484,天津滨海职业学院,,,民办,独立学院（本科）,,False
C493,上海行健职业学院,,,民办,独立学院（本科）,,False
C495,上海城建职业学院,,,民办,独立学院（本科）,,False
C497,上海交通职业技术学院,,,民办,独立学院（本科）,,False
C499,上海电子信息职业技术学院,,,民办,独立学院（本科）,,False
C510,陕西能源职业技术学院,,,民办,独立学院（本科）,,False
C511,甘肃建筑职业技术学院,,,民办,独立学院（本科）,,False
C514,新疆轻工职业技术学院,,,民办,独立学院（本科）,,False
C539,酒泉职业技术大学,,,民办,独立学院（本科）,,False
C544,宁夏理工学院,,,民办,独立学院（本科）,,False
C555,云南农业职业技术学院,,,民办,独立学院（本科）,,False
C560,云南经济管理学院,,,民办,独立学院（本科）,,False
C561,北京财贸职业学院,,,民办,独立学院（本科）,,False
C562,青海卫生职业技术学院,,,民办,独立学院（本科）,,False
C564,北京北大方正软件职业技术学院,,,民办,独立学院（本科）,,False
C565,北京经贸职业学院,,,民办,独立学院（本科）,,False
C566,北京经济技术职业学院,,,民办,独立学院（本科）,,False
C568,北京汇佳职业学院,,,民办,独立学院（本科）,,False
C570,新疆能源职业技术学院,,,民办,独立学院（本科）,,False
C574,广东东软学院,,,民办,独立学院（本科）,,False
C575,广州康大职业技术学院,,,民办,独立学院（本科）,,False
C581,河南工业和信息化职业学院,,,民办,独立学院（本科）,,False
C583,上海震旦职业学院,,,民办,独立学院（本科）,,False
C584,上海民远职业技术学院,,,民办,独立学院（本科）,,False
C586,上海思博职业技术学院,,,民办,独立学院（本科）,,False
C587,上海立达学院,,,民办,独立学院（本科）,,False
C588,上海工艺美术职业学院,,,民办,独立学院（本科）,,False
C593,辽宁生态工程职业学院,,,民办,独立学院（本科）,,False
C594,沈阳职业技术学院,,,民办,独立学院（本科）,,False
C596,保险职业学院,,,民办,独立学院（本科）,,False
C599,湘潭大学兴湘学院,,,民办,独立学院（本科）,,False
C600,邵阳职业技术学院,,,民办,独立学院（本科）,,False
C601,湖南司法警官职业学院,,,民办,独立学院（本科）,,False
C605,重庆三峡职业学院,,,民办,独立学院（本科）,,False
C609,重庆电子工程职业学院,,,民办,独立学院（本科）,,False
C617,广州城市理工学院,,,民办,独立学院（本科）,,False
C618,广州软件学院,,,民办,独立学院（本科）,,False
C619,广州南方学院,,,民办,独立学院（本科）,,False
C627,福建水利电力职业技术学院,,,民办,独立学院（本科）,,False
C631,厦门医学院,,,民办,独立学院（本科）,,False
C636,成都东软学院,,,民办,独立学院（本科）,,False
C637,四川化工职业技术学院,,,民办,独立学院（本科）,,False
C638,四川水利职业技术学院,,,民办,独立学院（本科）,,False
C640,内江职业技术学院,,,民办,独立学院（本科）,,False
C641,四川航天职业技术学院,,,民办,独立学院（本科）,,False
C649,湖南科技大学潇湘学院,,,民办,独立学院（本科）,,False
C650,南华大学船山学院,,,民办,独立学院（本科）,,False
C656,中南林业科技大学涉外学院,,,民办,独立学院（本科）,,False
C658,湖南理工学院南湖学院,,,民办,独立学院（本科）,,False
C662,张家界学院,,,民办,独立学院（本科）,,False
C670,呼和浩特职业学院,,,民办,独立学院（本科）,,False
C677,锡林郭勒职业学院,,,民办,独立学院（本科）,,False
C679,江苏海事职业技术学院,,,民办,独立学院（本科）,,False
C681,无锡科技职业学院,,,民办,独立学院（本科）,,False
C682,江苏医药职业学院,,,民办,独立学院（本科）,,False
C684,南通科技职业学院,,,民办,独立学院（本科）,,False
C685,苏州经贸职业技术学院,,,民办,独立学院（本科）,,False
C686,苏州工业职业技术学院,,,民办,独立学院（本科）,,False
C687,苏州托普信息职业技术学院,,,民办,独立学院（本科）,,False
C689,东南大学成贤学院,,,民办,独立学院（本科）,,False
C702,无锡商业职业技术学院,,,民办,独立学院（本科）,,False
C703,江苏航运职业技术学院,,,民办,独立学院（本科）,,False
C709,厦门华厦学院,,,民办,独立学院（本科）,,False
C711,泉州纺织服装职业学院,,,民办,独立学院（本科）,,False
C712,西安欧亚学院,,,民办,独立学院（本科）,,False
C713,西安外事学院,,,民办,独立学院（本科）,,False
C714,西安翻译学院,,,民办,独立学院（本科）,,False
C715,西京学院,,,民办,独立学院（本科）,,False
C717,三亚城市职业学院,,,民办,独立学院（本科）,,False
C718,大庆职业学院,,,民办,独立学院（本科）,,False
C719,天津渤海职业技术学院,,,民办,独立学院（本科）,,False
C720,天津电子信息职业技术学院,,,民办,独立学院（本科）,,False
C721,天津机电职业技术学院,,,民办,独立学院（本科）,,False
C722,天津现代职业技术学院,,,民办,独立学院（本科）,,False
C723,天津公安警官职业学院,,,民办,独立学院（本科）,,False
C724,黑龙江林业职业技术学院,,,民办,独立学院（本科）,,False
C725,黑龙江农业职业技术学院,,,民办,独立学院（本科）,,False
C726,黑龙江农业工程职业学院,,,民办,独立学院（本科）,,False
C727,黑龙江农垦职业学院,,,民办,独立学院（本科）,,False
C728,黑龙江司法警官职业学院,,,民办,独立学院（本科）,,False
C729,齐齐哈尔工程学院,,,民办,独立学院（本科）,,False
C732,天津轻工职业技术学院,,,民办,独立学院（本科）,,False
C733,北京科技经营管理学院,,,民办,独立学院（本科）,,False
C734,新疆警察学院,,,民办,独立学院（本科）,,False
C737,荆州职业技术学院,,,民办,独立学院（本科）,,False
C740,仙桃职业学院,,,民办,独立学院（本科）,,False
C744,湖北轻工职业技术学院,,,民办,独立学院（本科）,,False
C745,商丘职业技术学院,,,民办,独立学院（本科）,,False
C746,郑州科技学院,,,民办,独立学院（本科）,,False
C747,郑州工业应用技术学院,,,民办,独立学院（本科）,,False
C748,平顶山工业职业技术学院,,,民办,独立学院（本科）,,False
C750,周口职业技术学院,,,民办,独立学院（本科）,,False
C752,湖北交通职业技术学院,,,民办,独立学院（本科）,,False
C753,绵阳职业技术学院,,,民办,独立学院（本科）,,False
C754,重庆海联职业技术学院,,,民办,独立学院（本科）,,False
C755,重庆信息技术职业学院,,,民办,独立学院（本科）,,False
C756,重庆传媒职业学院,,,民办,独立学院（本科）,,False
C758,重庆城市管理职业学院,,,民办,独立学院（本科）,,False
C759,重庆工程职业技术学院,,,民办,独立学院（本科）,,False
C761,四川交通职业技术学院,,,民办,独立学院（本科）,,False
C762,四川工商职业技术学院,,,民办,独立学院（本科）,,False
C763,四川工程职业技术学院,,,民办,独立学院（本科）,,False
C764,四川建筑职业技术学院,,,民办,独立学院（本科）,,False
C766,江西工程学院,,,民办,独立学院（本科）,,False
C768,济源职业技术学院,,,民办,独立学院（本科）,,False
C777,山西工程职业学院,,,民办,独立学院（本科）,,False
C779,山西应用科技学院,,,民办,独立学院（本科）,,False
C781,河南司法警官职业学院,,,民办,独立学院（本科）,,False
C783,石家庄城市经济职业学院,,,民办,独立学院（本科）,,False
C784,河北传媒学院,,,民办,独立学院（本科）,,False
C788,天津商务职业学院,,,民办,独立学院（本科）,,False
C793,鹤壁职业技术学院,,,民办,独立学院（本科）,,False
C794,河南工业职业技术学院,,,民办,独立学院（本科）,,False
C795,南昌理工学院,,,民办,独立学院（本科）,,False
C796,河北工程技术学院,,,民办,独立学院（本科）,,False
C798,上海济光职业技术学院,,,民办,独立学院（本科）,,False
C799,上海建桥学院,,,民办,独立学院（本科）,,False
C800,上海工商外国语职业学院,,,民办,独立学院（本科）,,False
C801,上海科学技术职业学院,,,民办,独立学院（本科）,,False
C802,吉利学院,,,民办,独立学院（本科）,,False
C803,天津国土资源和房屋职业学院,,,民办,独立学院（本科）,,False
C804,南京交通职业技术学院,,,民办,独立学院（本科）,,False
C805,江苏电子信息职业学院,,,民办,独立学院（本科）,,False
C806,江苏农牧科技职业学院,,,民办,独立学院（本科）,,False
C807,常州纺织服装职业技术学院,,,民办,独立学院（本科）,,False
C809,苏州工业园区职业技术学院,,,民办,独立学院（本科）,,False
C810,安徽文达信息工程学院,,,民办,独立学院（本科）,,False
C813,六安职业技术学院,,,民办,独立学院（本科）,,False
C816,安徽交通职业技术学院,,,民办,独立学院（本科）,,False
C818,滨州职业学院,,,民办,独立学院（本科）,,False
C819,山东科技职业学院,,,民办,独立学院（本科）,,False
C820,重庆建筑科技职业学院,,,民办,独立学院（本科）,,False
C822,黔东南民族职业技术学院,,,民办,独立学院（本科）,,False
C827,陕西国防工业职业技术学院,,,民办,独立学院（本科）,,False
C828,西安航空职业技术学院,,,民办,独立学院（本科）,,False
C829,陕西财经职业技术学院,,,民办,独立学院（本科）,,False
C830,陕西交通职业技术学院,,,民办,独立学院（本科）,,False
C832,兰州外语职业学院,,,民办,独立学院（本科）,,False
C833,兰州职业技术学院,,,民办,独立学院（本科）,,False
C835,甘肃林业职业技术学院,,,民办,独立学院（本科）,,False
C836,甘肃工业职业技术学院,,,民办,独立学院（本科）,,False
C841,山东服装职业学院,,,民办,独立学院（本科）,,False
C842,德州科技职业学院,,,民办,独立学院（本科）,,False
C843,潍坊科技学院,,,民办,独立学院（本科）,,False
C844,山东力明科技职业学院,,,民办,独立学院（本科）,,False
C845,湖南邮电职业技术学院,,,民办,独立学院（本科）,,False
C849,张家界航空工业职业技术学院,,,民办,独立学院（本科）,,False
C850,贵州城市职业学院,,,民办,独立学院（本科）,,False
C852,青海警官职业学院,,,民办,独立学院（本科）,,False
C862,浙江建设职业技术学院,,,民办,独立学院（本科）,,False
C864,浙江经贸职业技术学院,,,民办,独立学院（本科）,,False
C866,浙江经济职业技术学院,,,民办,独立学院（本科）,,False
C867,浙江旅游职业学院,,,民办,独立学院（本科）,,False
C870,浙江金融职业学院,,,民办,独立学院（本科）,,False
C875,湖州职业技术学院,,,民办,独立学院（本科）,,False
C882,天津艺术职业学院,,,民办,独立学院（本科）,,False
C883,天津交通职业学院,,,民办,独立学院（本科）,,False
C887,河北旅游职业学院,,,民办,独立学院（本科）,,False
C888,山西机电职业技术学院,,,民办,独立学院（本科）,,False
C892,山西水利职业技术学院,,,民办,独立学院（本科）,,False
C893,阳泉职业技术学院,,,民办,独立学院（本科）,,False
C895,辽宁金融职业学院,,,民办,独立学院（本科）,,False
C896,辽宁轨道交通职业学院,,,民办,独立学院（本科）,,False
C897,辽宁广告职业学院,,,民办,独立学院（本科）,,False
C898,辽宁机电职业技术学院,,,民办,独立学院（本科）,,False
C899,辽宁经济职业技术学院,,,民办,独立学院（本科）,,False
C901,吉林司法警官职业学院,,,民办,独立学院（本科）,,False
C902,吉林电子信息职业技术学院,,,民办,独立学院（本科）,,False
C903,吉林工业职业技术学院,,,民办,独立学院（本科）,,False
C904,吉林工程职业学院,,,民办,独立学院（本科）,,False
C906,哈尔滨电力职业技术学院,,,民办,独立学院（本科）,,False
C907,哈尔滨铁道职业技术学院,,,民办,独立学院（本科）,,False
C908,大兴安岭职业学院,,,民办,独立学院（本科）,,False
C910,黑龙江农业经济职业学院,,,民办,独立学院（本科）,,False
C911,哈尔滨职业技术学院,,,民办,独立学院（本科）,,False
C912,上海农林职业技术学院,,,民办,独立学院（本科）,,False
C913,上海邦德职业技术学院,,,民办,独立学院（本科）,,False
C915,上海中侨职业技术大学,,,民办,独立学院（本科）,,False
C919,炎黄职业技术学院,,,民办,独立学院（本科）,,False
C920,南京科技职业学院,,,民办,独立学院（本科）,,False
C921,正德职业技术学院,,,民办,独立学院（本科）,,False
C922,钟山职业技术学院,,,民办,独立学院（本科）,,False
C923,无锡南洋职业技术学院,,,民办,独立学院（本科）,,False
C927,泉州华光职业学院,,,民办,独立学院（本科）,,False
C928,泉州职业技术大学,,,民办,独立学院（本科）,,False
C929,江西司法警官职业学院,,,民办,独立学院（本科）,,False
C931,渤海船舶职业学院,,,民办,独立学院（本科）,,False
C932,江西旅游商贸职业学院,,,民办,独立学院（本科）,,False
C933,江西电力职业技术学院,,,民办,独立学院（本科）,,False
C934,江西环境工程职业学院,,,民办,独立学院（本科）,,False
C936,江西艺术职业学院,,,民办,独立学院（本科）,,False
C938,江西应用科技学院,,,民办,独立学院（本科）,,False
C939,江西信息应用职业技术学院,,,民办,独立学院（本科）,,False
C940,江西交通职业技术学院,,,民办,独立学院（本科）,,False
C941,江西财经职业学院,,,民办,独立学院（本科）,,False
C942,江西应用技术职业学院,,,民办,独立学院（本科）,,False
C943,江西现代职业技术学院,,,民办,独立学院（本科）,,False
C944,江西工业工程职业技术学院,,,民办,独立学院（本科）,,False
C945,山东圣翰财贸职业学院,,,民办,独立学院（本科）,,False
C946,山东水利职业学院,,,民办,独立学院（本科）,,False
C947,山东畜牧兽医职业学院,,,民办,独立学院（本科）,,False
C948,郑州澍青医学高等专科学校,,,民办,独立学院（本科）,,False
C952,武汉航海职业技术学院,,,民办,独立学院（本科）,,False
C957,深圳信息职业技术大学,,,民办,独立学院（本科）,,False
C961,广东亚视演艺职业学院,,,民办,独立学院（本科）,,False
C962,广东省外语艺术职业学院,,,民办,独立学院（本科）,,False
C963,四川托普信息技术职业学院,,,民办,独立学院（本科）,,False
C964,四川国际标榜职业学院,,,民办,独立学院（本科）,,False
C967,泸州职业技术学院,,,民办,独立学院（本科）,,False
C969,成都艺术职业大学,,,民办,独立学院（本科）,,False
C970,四川职业技术学院,,,民办,独立学院（本科）,,False
C973,青海职业技术大学,,,民办,独立学院（本科）,,False
C975,伊犁职业技术学院,,,民办,独立学院（本科）,,False
C976,江西机电职业技术学院,,,民办,独立学院（本科）,,False
C977,武汉铁路职业技术学院,,,民办,独立学院（本科）,,False
C978,武汉软件工程职业学院,,,民办,独立学院（本科）,,False
C979,湖北三峡职业技术学院,,,民办,独立学院（本科）,,False
C980,随州职业技术学院,,,民办,独立学院（本科）,,False
C982,湖北水利水电职业技术学院,,,民办,独立学院（本科）,,False
C983,湖北城市建设职业技术学院,,,民办,独立学院（本科）,,False
C984,武汉警官职业学院,,,民办,独立学院（本科）,,False
C985,湖北生物科技职业学院,,,民办,独立学院（本科）,,False
C987,武汉科技职业学院,,,民办,独立学院（本科）,,False
C989,武汉信息传播职业技术学院,,,民办,独立学院（本科）,,False
C990,武昌职业学院,,,民办,独立学院（本科）,,False
C991,武汉商贸职业学院,,,民办,独立学院（本科）,,False
D006,山东英才学院,,,民办,专科,,False
D007,东营科技职业学院,,,民办,专科,,False
D008,山东交通职业学院,,,民办,专科,,False
D009,淄博职业学院,,,民办,专科,,False
D010,山东外贸职业学院,,,民办,专科,,False
D011,青岛酒店管理职业技术学院,,,民办,专科,,False
D012,山东信息职业技术学院,,,民办,专科,,False
D014,青岛港湾职业技术学院,,,民办,专科,,False
D015,青岛恒星科技学院,,,民办,专科,,False
D017,江南影视艺术职业学院,,,民办,专科,,False
D021,浙大城市学院,,,民办,专科,,False
D031,长沙环境保护职业技术学院,,,民办,专科,,False
D033,湖南机电职业技术学院,,,民办,专科,,False
D039,常德职业技术学院,,,民办,专科,,False
D041,长沙南方职业学院,,,民办,专科,,False
D042,潇湘职业学院,,,民办,专科,,False
D043,湖南化工职业技术学院,,,民办,专科,,False
D045,湖南石油化工职业技术学院,,,民办,专科,,False
D052,贵州工业职业技术学院,,,民办,专科,,False
D054,六盘水职业技术学院,,,民办,专科,,False
D055,铜仁职业技术学院,,,民办,专科,,False
D059,滁州职业技术学院,,,民办,专科,,False
D062,安徽广播影视职业技术学院,,,民办,专科,,False
D071,河北交通职业技术学院,,,民办,专科,,False
D072,河北化工医药职业技术学院,,,民办,专科,,False
D073,石家庄信息工程职业学院,,,民办,专科,,False
D074,河北对外经贸职业学院,,,民办,专科,,False
D075,河北美术学院,,,民办,专科,,False
D086,宁夏职业技术学院,,,民办,专科,,False
D087,宁夏工商职业技术大学,,,民办,专科,,False
D093,阿克苏职业技术学院,,,民办,专科,,False
D094,巴音郭楞职业技术学院,,,民办,专科,,False
D100,金肯职业技术学院,,,民办,专科,,False
D102,常州工程职业技术学院,,,民办,专科,,False
D103,江苏农林职业技术学院,,,民办,专科,,False
D104,江苏食品药品职业技术学院,,,民办,专科,,False
D105,建东职业技术学院,,,民办,专科,,False
D106,南京铁道职业技术学院,,,民办,专科,,False
D107,徐州工业职业技术学院,,,民办,专科,,False
D108,江苏信息职业技术学院,,,民办,专科,,False
D110,宿迁职业技术学院,,,民办,专科,,False
D112,南京信息职业技术学院,,,民办,专科,,False
D113,江海职业技术学院,,,民办,专科,,False
D114,常州机电职业技术学院,,,民办,专科,,False
D115,厦门工学院,,,民办,专科,,False
D121,西安思源学院,,,民办,专科,,False
D122,西安高新科技职业学院,,,民办,专科,,False
D123,陕西国际商贸学院,,,民办,专科,,False
D124,西安城市建设职业学院,,,民办,专科,,False
D125,陕西服装工程学院,,,民办,专科,,False
D136,云南能源职业技术学院,,,民办,专科,,False
D137,江阴职业技术学院,,,民办,专科,,False
D138,广西建设职业技术学院,,,民办,专科,,False
D151,宁夏建设职业技术学院,,,民办,专科,,False
D161,长春职业技术大学,,,民办,专科,,False
D171,临汾职业技术学院,,,民办,专科,,False
D188,武汉晴川学院,,,民办,专科,,False
D198,大连理工大学城市学院,,,民办,专科,,False
D201,沈阳工学院,,,民办,专科,,False
D215,辽宁师范大学海华学院,,,民办,专科,,False
D218,大连财经学院,,,民办,专科,,False
D220,沈阳城市学院,,,民办,专科,,False
D234,湖北大学知行学院,,,民办,专科,,False
D235,武汉城市学院,,,民办,专科,,False
D236,三峡大学科技学院,,,民办,专科,,False
D238,湖北工业大学工程技术学院,,,民办,专科,,False
D239,武汉工程大学邮电与信息工程学院,,,民办,专科,,False
D240,武汉纺织大学外经贸学院,,,民办,专科,,False
D241,武昌工学院,,,民办,专科,,False
D242,武汉工商学院,,,民办,专科,,False
D245,荆州学院,,,民办,专科,,False
D247,湖北商贸学院,,,民办,专科,,False
D249,湖北医药学院药护学院,,,民办,专科,,False
D250,湖北恩施学院,,,民办,专科,,False
D251,湖北经济学院法商学院,,,民办,专科,,False
D253,武汉体育学院体育科技学院,,,民办,专科,,False
D256,湖北师范大学文理学院,,,民办,专科,,False
D257,湖北文理学院理工学院,,,民办,专科,,False
D262,文华学院,,,民办,专科,,False
D264,武汉交通职业学院,,,民办,专科,,False
D265,咸宁职业技术学院,,,民办,专科,,False
D275,浙江工业大学之江学院,,,民办,专科,,False
D283,浙江农林大学暨阳学院,,,民办,专科,,False
D284,温州医科大学仁济学院,,,民办,专科,,False
D287,湖州学院,,,民办,专科,,False
D290,浙江工商大学杭州商学院,,,民办,专科,,False
D291,嘉兴南湖学院,,,民办,专科,,False
D292,中国计量大学现代科技学院,,,民办,专科,,False
D296,黑龙江外国语学院,,,民办,专科,,False
D299,哈尔滨石油学院,,,民办,专科,,False
D300,黑龙江工商学院,,,民办,专科,,False
D302,哈尔滨传媒职业学院,,,民办,专科,,False
D303,哈尔滨剑桥学院,,,民办,专科,,False
D304,黑龙江工程学院昆仑旅游学院,,,民办,专科,,False
D307,哈尔滨华德学院,,,民办,专科,,False
D316,山东胜利职业学院,,,民办,专科,,False
D317,山东经贸职业学院,,,民办,专科,,False
D318,山东工业职业学院,,,民办,专科,,False
D319,山东化工职业学院,,,民办,专科,,False
D320,青岛黄海学院,,,民办,专科,,False
D321,青岛求实职业技术学院,,,民办,专科,,False
D322,山东现代学院,,,民办,专科,,False
D323,济南职业学院,,,民办,专科,,False
D324,山东协和学院,,,民办,专科,,False
D325,宁夏大学新华学院,,,民办,专科,,False
D326,云南大学滇池学院,,,民办,专科,,False
D328,丽江文化旅游学院,,,民办,专科,,False
D330,昆明城市学院,,,民办,专科,,False
D332,昆明医科大学海源学院,,,民办,专科,,False
D333,云南艺术学院文华学院,,,民办,专科,,False
D338,安徽城市管理职业学院,,,民办,专科,,False
D342,阜阳科技职业学院,,,民办,专科,,False
D344,安徽国防科技职业学院,,,民办,专科,,False
D355,烟台工程职业技术学院,,,民办,专科,,False
D356,山东工程职业技术大学,,,民办,专科,,False
D359,烟台理工学院,,,民办,专科,,False
D378,青岛城市学院,,,民办,专科,,False
D383,山东财经大学燕山学院,,,民办,专科,,False
D386,山东石油化工学院,,,民办,专科,,False
D387,山东外国语职业技术大学,,,民办,专科,,False
D388,潍坊工商职业学院,,,民办,专科,,False
D389,德州职业技术学院,,,民办,专科,,False
D390,枣庄科技职业学院,,,民办,专科,,False
D391,河北科技学院,,,民办,专科,,False
D392,保定电力职业技术学院,,,民办,专科,,False
D395,廊坊职业技术学院,,,民办,专科,,False
D397,石家庄邮电职业技术学院,,,民办,专科,,False
D402,河北外国语学院,,,民办,专科,,False
D403,石家庄科技信息职业学院,,,民办,专科,,False
D408,华北理工大学轻工学院,,,民办,专科,,False
D411,河北师范大学汇华学院,,,民办,专科,,False
D414,河北经贸大学经济管理学院,,,民办,专科,,False
D415,河北医科大学临床学院,,,民办,专科,,False
D418,江西服装学院,,,民办,专科,,False
D419,江西科技职业学院,,,民办,专科,,False
D420,南昌职业大学,,,民办,专科,,False
D421,南昌工学院,,,民办,专科,,False
D422,江西外语外贸职业学院,,,民办,专科,,False
D423,江西工业贸易职业技术学院,,,民办,专科,,False
D424,宜春职业技术学院,,,民办,专科,,False
D425,江西应用工程职业学院,,,民办,专科,,False
D426,江西生物科技职业学院,,,民办,专科,,False
D427,江西建设职业技术学院,,,民办,专科,,False
D428,抚州职业技术学院,,,民办,专科,,False
D429,南昌大学科学技术学院,,,民办,专科,,False
D431,南昌交通学院,,,民办,专科,,False
D432,赣东学院,,,民办,专科,,False
D433,南昌航空大学科技学院,,,民办,专科,,False
D434,赣南科技学院,,,民办,专科,,False
D435,景德镇艺术职业大学,,,民办,专科,,False
D436,江西农业大学南昌商学院,,,民办,专科,,False
D437,南昌医学院,,,民办,专科,,False
D438,江西师范大学科学技术学院,,,民办,专科,,False
D439,赣南师范大学科技学院,,,民办,专科,,False
D440,南昌应用技术师范学院,,,民办,专科,,False
D441,江西财经大学现代经济管理学院,,,民办,专科,,False
D448,黑龙江商业职业学院,,,民办,专科,,False
D468,阳光学院,,,民办,专科,,False
D469,厦门大学嘉庚学院,,,民办,专科,,False
D471,集美大学诚毅学院,,,民办,专科,,False
D497,郑州财经学院,,,民办,专科,,False
D499,河南检察职业学院,,,民办,专科,,False
D500,商丘工学院,,,民办,专科,,False
D501,河南开封科技传媒学院,,,民办,专科,,False
D503,信阳学院,,,民办,专科,,False
D505,新乡医学院三全学院,,,民办,专科,,False
D507,郑州工商学院,,,民办,专科,,False
D511,兰州工商学院,,,民办,专科,,False
D514,兰州博文科技学院,,,民办,专科,,False
D515,兰州信息科技学院,,,民办,专科,,False
D519,甘肃交通职业技术学院,,,民办,专科,,False
D523,北海职业学院,,,民办,专科,,False
D524,北海艺术设计学院,,,民办,专科,,False
D526,桂林山水职业学院,,,民办,专科,,False
D528,山西职业技术学院,,,民办,专科,,False
D530,山西金融职业学院,,,民办,专科,,False
D534,山西工学院,,,民办,专科,,False
D535,晋中信息学院,,,民办,专科,,False
D538,山西晋中理工学院,,,民办,专科,,False
D541,山西信息职业技术学院,,,民办,专科,,False
D548,重庆人文科技学院,,,民办,专科,,False
D558,新疆理工学院,,,民办,专科,,False
D560,新疆第二医学院,,,民办,专科,,False
D561,新疆科技学院,,,民办,专科,,False
D562,新疆建设职业技术学院,,,民办,专科,,False
D566,陕西铁路工程职业技术学院,,,民办,专科,,False
D568,陕西航空职业技术学院,,,民办,专科,,False
D569,西安交通工程学院,,,民办,专科,,False
D570,陕西电子信息职业技术学院,,,民办,专科,,False
D571,无锡太湖学院,,,民办,专科,,False
D575,海南软件职业技术学院,,,民办,专科,,False
D576,海南政法职业学院,,,民办,专科,,False
D577,海南外国语职业学院,,,民办,专科,,False
D578,河北工程大学科信学院,,,民办,专科,,False
D579,中国矿业大学徐海学院,,,民办,专科,,False
D588,重庆外语外事学院,,,民办,专科,,False
D589,重庆对外经贸学院,,,民办,专科,,False
D590,重庆财经学院,,,民办,专科,,False
D593,石家庄铁道大学四方学院,,,民办,专科,,False
D594,河北地质大学华信学院,,,民办,专科,,False
D596,华北理工大学冀唐学院,,,民办,专科,,False
D597,山西科技学院,,,民办,专科,,False
D599,大连艺术学院,,,民办,专科,,False
D600,长春光华学院,,,民办,专科,,False
D601,长春工业大学人文信息学院,,,民办,专科,,False
D602,长春电子科技学院,,,民办,专科,,False
D603,长春财经学院,,,民办,专科,,False
D604,吉林建筑科技学院,,,民办,专科,,False
D605,长春建筑学院,,,民办,专科,,False
D606,长春科技学院,,,民办,专科,,False
D607,吉林动画学院,,,民办,专科,,False
D611,蚌埠工商学院,,,民办,专科,,False
D612,合肥理工学院,,,民办,专科,,False
D613,安徽信息工程学院,,,民办,专科,,False
D614,马鞍山学院,,,民办,专科,,False
D615,合肥城市学院,,,民办,专科,,False
D618,安徽医科大学临床医学院,,,民办,专科,,False
D619,阜阳理工学院,,,民办,专科,,False
D620,淮北理工学院,,,民办,专科,,False
D623,长春大学旅游学院,,,民办,专科,,False
D624,泰山科技学院,,,民办,专科,,False
D625,昆明文理学院,,,民办,专科,,False
D626,昆明理工大学津桥学院,,,民办,专科,,False
D627,重庆移通学院,,,民办,专科,,False
D628,新疆政法学院,,,民办,专科,,False
D631,大连东软信息学院,,,民办,专科,,False
D632,上海视觉艺术学院,,,民办,专科,,False
D634,武汉学院,,,民办,专科,,False
D635,长沙理工大学城南学院,,,民办,专科,,False
D636,上海外国语大学贤达经济人文学院,,,民办,专科,,False
D637,温州商学院,,,民办,专科,,False
D641,桂林学院,,,民办,专科,,False
D643,广西中医药大学赛恩斯新医药学院,,,民办,专科,,False
D644,桂林信息科技学院,,,民办,专科,,False
D645,南宁理工学院,,,民办,专科,,False
D649,贵州黔南科技学院,,,民办,专科,,False
D650,贵阳信息科技学院,,,民办,专科,,False
D653,遵义医科大学医学与科技学院,,,民办,专科,,False
D654,南京理工大学紫金学院,,,民办,专科,,False
D655,南京航空航天大学金城学院,,,民办,专科,,False
D656,广州华立学院,,,民办,专科,,False
D658,天津外国语大学滨海外事学院,,,民办,专科,,False
D659,天津传媒学院,,,民办,专科,,False
D660,天津商业大学宝德学院,,,民办,专科,,False
D661,天津医科大学临床医学院,,,民办,专科,,False
D662,长春人文学院,,,民办,专科,,False
D664,武汉工程科技学院,,,民办,专科,,False
D665,电子科技大学成都学院,,,民办,专科,,False
D666,武汉华夏理工学院,,,民办,专科,,False
D667,广州商学院,,,民办,专科,,False
D668,成都理工大学工程技术学院,,,民办,专科,,False
D669,四川传媒学院,,,民办,专科,,False
D670,成都银杏酒店管理学院,,,民办,专科,,False
D671,成都文理学院,,,民办,专科,,False
D672,四川工商学院,,,民办,专科,,False
D673,四川外国语大学成都学院,,,民办,专科,,False
D675,北京理工大学珠海学院,,,民办,专科,,False
D677,西安交通大学城市学院,,,民办,专科,,False
D678,西北大学现代学院,,,民办,专科,,False
D679,西安建筑科技大学华清学院,,,民办,专科,,False
D681,陕西科技大学镐京学院,,,民办,专科,,False
D682,西安工商学院,,,民办,专科,,False
D684,珠海科技学院,,,民办,专科,,False
D686,武汉传媒学院,,,民办,专科,,False
D687,南京传媒学院,,,民办,专科,,False
D690,河北司法警官职业学院,,,民办,专科,,False
D691,山西工商学院,,,民办,专科,,False
D698,山西管理职业学院,,,民办,专科,,False
D700,天津工业职业学院,,,民办,专科,,False
D701,天津石油职业技术学院,,,民办,专科,,False
D702,天津城市职业学院,,,民办,专科,,False
D703,北京科技职业学院,,,民办,专科,,False
D705,成都医学院,,,民办,专科,,False
D706,吉林医药学院,,,民办,专科,,False
D714,广州工商学院,,,民办,专科,,False
D715,广州涉外经济职业技术学院,,,民办,专科,,False
D718,惠州经济职业技术学院,,,民办,专科,,False
D720,广东理工学院,,,民办,专科,,False
D721,广东工商职业技术大学,,,民办,专科,,False
D727,新疆天山职业技术大学,,,民办,专科,,False
D728,北京培黎职业学院,,,民办,专科,,False
D729,黑龙江旅游职业技术学院,,,民办,专科,,False
D730,黑龙江三江美术职业学院,,,民办,专科,,False
D731,黑龙江生态工程职业学院,,,民办,专科,,False
D732,黑龙江能源职业学院,,,民办,专科,,False
D735,重庆水利电力职业技术学院,,,民办,专科,,False
D736,陕西邮电职业技术学院,,,民办,专科,,False
D737,西安海棠职业学院,,,民办,专科,,False
D738,西安汽车职业大学,,,民办,专科,,False
D743,白城医学高等专科学校,,,民办,专科,,False
D744,黑河学院,,,民办,专科,,False
D747,上海电影艺术职业学院,,,民办,专科,,False
D748,无锡城市职业技术学院,,,民办,专科,,False
D749,无锡工艺职业技术学院,,,民办,专科,,False
D750,金山职业技术学院,,,民办,专科,,False
D751,苏州健雄职业技术学院,,,民办,专科,,False
D752,盐城工业职业技术学院,,,民办,专科,,False
D753,江苏财经职业技术学院,,,民办,专科,,False
D754,扬州工业职业技术学院,,,民办,专科,,False
D758,云南林业职业技术学院,,,民办,专科,,False
D759,云南城市建设职业学院,,,民办,专科,,False
D761,云南工程职业学院,,,民办,专科,,False
D762,福州外语外贸学院,,,民办,专科,,False
D763,福建江夏学院,,,民办,专科,,False
D766,泉州信息工程学院,,,民办,专科,,False
D767,厦门演艺职业学院,,,民办,专科,,False
D768,厦门华天涉外职业技术学院,,,民办,专科,,False
D772,湄洲湾职业技术学院,,,民办,专科,,False
D773,福州理工学院,,,民办,专科,,False
D776,江西软件职业技术大学,,,民办,专科,,False
D777,淄博师范高等专科学校,,,民办,专科,,False
D778,山东中医药高等专科学校,,,民办,专科,,False
D779,沧州医学高等专科学校,,,民办,专科,,False
D780,漯河医学高等专科学校,,,民办,专科,,False
D781,南阳医学高等专科学校,,,民办,专科,,False
D782,商丘医学高等专科学校,,,民办,专科,,False
D784,信阳职业技术学院,,,民办,专科,,False
D786,郑州工业安全职业学院,,,民办,专科,,False
D787,永城职业学院,,,民办,专科,,False
D788,河南经贸职业学院,,,民办,专科,,False
D790,河南农业职业学院,,,民办,专科,,False
D791,郑州旅游职业学院,,,民办,专科,,False
D793,江汉艺术职业学院,,,民办,专科,,False
D797,湖北黄冈应急管理职业技术学院,,,民办,专科,,False
D799,黄冈科技职业学院,,,民办,专科,,False
D800,湖北国土资源职业学院,,,民办,专科,,False
D801,湖北生态工程职业技术学院,,,民办,专科,,False
D806,长沙师范学院,,,民办,专科,,False
D810,肇庆医学高等专科学校,,,民办,专科,,False
D811,琼台师范学院,,,民办,专科,,False
D816,四川工业科技学院,,,民办,专科,,False
D817,黔西南民族职业技术学院,,,民办,专科,,False
D818,贵州轻工职业技术学院,,,民办,专科,,False
D819,陕西警官职业学院,,,民办,专科,,False
D820,银川能源学院,,,民办,专科,,False
D821,忻州职业技术学院,,,民办,专科,,False
D822,河北女子职业技术学院,,,民办,专科,,False
D824,内蒙古交通职业技术学院,,,民办,专科,,False
D830,广西外国语学院,,,民办,专科,,False
D831,广西电力职业技术学院,,,民办,专科,,False
D842,南京理工大学泰州科技学院,,,民办,专科,,False
D843,南京师范大学泰州学院,,,民办,专科,,False
D844,东莞城市学院,,,民办,专科,,False
D845,安徽财贸职业学院,,,民办,专科,,False
D846,安徽国际商务职业学院,,,民办,专科,,False
D849,安徽审计职业学院,,,民办,专科,,False
D850,安徽新闻出版职业技术学院,,,民办,专科,,False
D855,济南工程职业技术学院,,,民办,专科,,False
D856,山东电子职业技术学院,,,民办,专科,,False
D857,山东华宇工学院,,,民办,专科,,False
D858,山东旅游职业学院,,,民办,专科,,False
D859,山东铝业职业学院,,,民办,专科,,False
D861,泰山职业技术学院,,,民办,专科,,False
D862,山西同文职业技术学院,,,民办,专科,,False
D863,天津铁道职业技术学院,,,民办,专科,,False
D867,江西制造职业技术学院,,,民办,专科,,False
D870,上饶职业技术学院,,,民办,专科,,False
D871,江西航空职业技术学院,,,民办,专科,,False
D873,赣西科技职业学院,,,民办,专科,,False
D874,山东外事职业大学,,,民办,专科,,False
D875,海南经贸职业技术学院,,,民办,专科,,False
D876,海南工商职业学院,,,民办,专科,,False
D891,保定理工学院,,,民办,专科,,False
D892,三亚学院,,,民办,专科,,False
D893,上海师范大学天华学院,,,民办,专科,,False
D894,西安明德理工学院,,,民办,专科,,False
D895,燕京理工学院,,,民办,专科,,False
D897,天津理工大学中环信息学院,,,民办,专科,,False
D898,北京科技大学天津学院,,,民办,专科,,False
D899,北京中医药大学东方学院,,,民办,专科,,False
D901,北京邮电大学世纪学院,,,民办,专科,,False
D902,广州新华学院,,,民办,专科,,False
D903,成都锦城学院,,,民办,专科,,False
D904,北京工业大学耿丹学院,,,民办,专科,,False
D905,南京工业大学浦江学院,,,民办,专科,,False
D906,南京师范大学中北学院,,,民办,专科,,False
D909,云南工商学院,,,民办,专科,,False
D910,北京交通职业技术学院,,,民办,专科,,False
D916,长春信息技术职业学院,,,民办,专科,,False
D917,松原职业技术学院,,,民办,专科,,False
D918,七台河职业学院,,,民办,专科,,False
D920,广西城市职业大学,,,民办,专科,,False
D923,湖南理工职业技术学院,,,民办,专科,,False
D924,湖南交通工程学院,,,民办,专科,,False
D926,新疆交通职业技术学院,,,民办,专科,,False
D928,广州华立科技职业学院,,,民办,专科,,False
D931,三亚航空旅游职业学院,,,民办,专科,,False
D935,黑龙江民族职业学院,,,民办,专科,,False
D936,河南工业贸易职业学院,,,民办,专科,,False
D937,湖南汽车工程职业学院,,,民办,专科,,False
D938,长沙电力职业技术学院,,,民办,专科,,False
D939,湖南水利水电职业技术学院,,,民办,专科,,False
D940,湖南现代物流职业技术学院,,,民办,专科,,False
D941,湖南高速铁路职业技术学院,,,民办,专科,,False
D942,湖南铁路科技职业技术学院,,,民办,专科,,False
D943,广州铁路职业技术学院,,,民办,专科,,False
D945,西安铁路职业技术学院,,,民办,专科,,False
D947,西安职业技术学院,,,民办,专科,,False
D948,商洛职业技术学院,,,民办,专科,,False
D949,汉中职业技术学院,,,民办,专科,,False
D951,渭南职业技术学院,,,民办,专科,,False
D952,安康职业技术学院,,,民办,专科,,False
D953,铜川职业技术学院,,,民办,专科,,False
D955,甘肃畜牧工程职业技术学院,,,民办,专科,,False
D956,新疆石河子职业技术学院,,,民办,专科,,False
D957,辽宁传媒学院,,,民办,专科,,False
D958,大连软件职业学院,,,民办,专科,,False
D961,大连枫叶职业技术学院,,,民办,专科,,False
D962,苏州百年职业学院,,,民办,专科,,False
D963,昆山登云科技职业学院,,,民办,专科,,False
D964,南京视觉艺术职业学院,,,民办,专科,,False
D966,山东药品食品职业学院,,,民办,专科,,False
D967,重庆工商职业学院,,,民办,专科,,False
D973,厦门城市职业学院,,,民办,专科,,False
D979,厦门兴才职业技术学院,,,民办,专科,,False
D980,南京医科大学康达学院,,,民办,专科,,False
D982,无锡学院,,,民办,专科,,False
D985,苏州科技大学天平学院,,,民办,专科,,False
D986,江苏大学京江学院,,,民办,专科,,False
D987,扬州大学广陵学院,,,民办,专科,,False
D988,江苏师范大学科文学院,,,民办,专科,,False
D989,南京邮电大学通达学院,,,民办,专科,,False
D990,南京财经大学红山学院,,,民办,专科,,False
D991,江苏科技大学苏州理工学院,,,民办,专科,,False
D992,常州大学怀德学院,,,民办,专科,,False
D993,南通大学杏林学院,,,民办,专科,,False
D994,南京审计大学金审学院,,,民办,专科,,False
D995,青岛工学院,,,民办,专科,,False
D997,青岛农业大学海都学院,,,民办,专科,,False
D998,齐鲁理工学院,,,民办,专科,,False
D999,山东财经大学东方学院,,,民办,专科,,False
E000,潍坊理工学院,,,未知,未知,,
E001,聊城大学东昌学院,,,未知,未知,,
E002,烟台科技学院,,,未知,未知,,
E004,四川文化传媒职业学院,,,未知,未知,,
E005,四川华新现代职业学院,,,未知,未知,,
E009,重庆医药高等专科学校,,,未知,未知,,
E010,四川中医药高等专科学校,,,未知,未知,,
E011,遵义医药高等专科学校,,,未知,未知,,
E013,楚雄医药高等专科学校,,,未知,未知,,
E014,保山中医药高等专科学校,,,未知,未知,,
E015,丽江师范高等专科学校,,,未知,未知,,
E017,大庆医学高等专科学校,,,未知,未知,,
E018,石家庄医学高等专科学校,,,未知,未知,,
E020,天津城市建设管理职业技术学院,,,未知,未知,,
E021,天津生物工程职业技术学院,,,未知,未知,,
E022,天津海运职业学院,,,未知,未知,,
E025,湖南安全技术职业学院,,,未知,未知,,
E026,广西英华国际职业学院,,,未知,未知,,
E029,陕西工商职业学院,,,未知,未知,,
E030,西安信息职业大学,,,未知,未知,,
E031,陕西旅游烹饪职业学院,,,未知,未知,,
E032,云南新兴职业学院,,,未知,未知,,
E037,西南财经大学天府学院,,,未知,未知,,
E038,天津仁爱学院,,,未知,未知,,
E040,郑州商学院,,,未知,未知,,
E042,西安科技大学高新学院,,,未知,未知,,
E043,四川文化艺术学院,,,未知,未知,,
E045,绵阳城市学院,,,未知,未知,,
E046,福建农林大学金山学院,,,未知,未知,,
E049,内蒙古北方职业技术学院,,,未知,未知,,
E052,吉林铁道职业技术学院,,,未知,未知,,
E053,黑龙江交通职业技术学院,,,未知,未知,,
E055,哈尔滨应用职业技术学院,,,未知,未知,,
E056,南京机电职业技术学院,,,未知,未知,,
E059,厦门软件职业技术学院,,,未知,未知,,
E061,三峡电力职业学院,,,未知,未知,,
E062,郑州电力职业技术学院,,,未知,未知,,
E065,广州科技贸易职业学院,,,未知,未知,,
E070,四川科技职业学院,,,未知,未知,,
E073,北京经济管理职业学院,,,未知,未知,,
E076,辽宁装备制造职业技术学院,,,未知,未知,,
E078,山东商务职业学院,,,未知,未知,,
E079,山东轻工职业学院,,,未知,未知,,
E080,山东城市建设职业学院,,,未知,未知,,
E081,烟台汽车工程职业学院,,,未知,未知,,
E082,山东司法警官职业学院,,,未知,未知,,
E085,西藏职业技术学院,,,未知,未知,,
E086,四川文化产业职业学院,,,未知,未知,,
E087,天津财经大学珠江学院,,,未知,未知,,
E090,浙江横店影视职业学院,,,未知,未知,,
E092,滇西科技师范学院,,,未知,未知,,
E093,运城幼儿师范高等专科学校,,,未知,未知,,
E095,黑龙江幼儿师范高等专科学校,,,未知,未知,,
E097,益阳医学高等专科学校,,,未知,未知,,
E098,合肥师范学院,,,未知,未知,,
E099,湖北第二师范学院,,,未知,未知,,
E100,山东政法学院,,,未知,未知,,
E101,太原工业学院,,,未知,未知,,
E103,冀中职业学院,,,未知,未知,,
E105,山西老区职业技术学院,,,未知,未知,,
E106,辽宁地质工程职业学院,,,未知,未知,,
E107,白城职业技术学院,,,未知,未知,,
E108,哈尔滨科学技术职业学院,,,未知,未知,,
E111,厦门南洋职业学院,,,未知,未知,,
E112,厦门东海职业技术学院,,,未知,未知,,
E113,漳州科技职业学院,,,未知,未知,,
E115,漳州理工职业学院,,,未知,未知,,
E118,菏泽家政职业学院,,,未知,未知,,
E119,湖北科技职业学院,,,未知,未知,,
E122,湖南电子科技职业学院,,,未知,未知,,
E123,广州珠江职业技术学院,,,未知,未知,,
E126,广东文理职业学院,,,未知,未知,,
E127,广西工程职业学院,,,未知,未知,,
E128,重庆财经职业学院,,,未知,未知,,
E129,贵阳职业技术学院,,,未知,未知,,
E137,蚌埠经济技术职业学院,,,未知,未知,,
E138,新疆职业大学,,,未知,未知,,
E139,北京社会管理职业学院,,,未知,未知,,
E140,北京艺术传媒职业学院,,,未知,未知,,
E158,石家庄人民医学高等专科学校,,,未知,未知,,
E163,苏州高博软件技术职业学院,,,未知,未知,,
E166,江西新能源科技职业学院,,,未知,未知,,
E167,江西枫林涉外经贸职业学院,,,未知,未知,,
E168,江西泰豪动漫职业学院,,,未知,未知,,
E171,梧州职业学院,,,未知,未知,,
E172,海南科技职业大学,,,未知,未知,,
E175,四川城市职业学院,,,未知,未知,,
E176,四川现代职业学院,,,未知,未知,,
E178,佳木斯职业学院,,,未知,未知,,
E180,南京旅游职业学院,,,未知,未知,,
E182,湖南国防工业职业技术学院,,,未知,未知,,
E186,朔州职业技术学院,,,未知,未知,,
E187,包头铁道职业技术学院,,,未知,未知,,
E188,辽宁铁道职业技术学院,,,未知,未知,,
E190,长白山职业技术学院,,,未知,未知,,
E193,山东传媒职业学院,,,未知,未知,,
E195,临沂职业学院,,,未知,未知,,
E196,枣庄职业学院,,,未知,未知,,
E197,湖北工程职业学院,,,未知,未知,,
E199,内蒙古大学创业学院,,,未知,未知,,
E200,银川科技学院,,,未知,未知,,
E201,北京第二外国语学院中瑞酒店管理学院,,,未知,未知,,
E202,沧州交通学院,,,未知,未知,,
E203,皖江工学院,,,未知,未知,,
E207,上海财经大学浙江学院,,,未知,未知,,
E209,大连航运职业技术学院,,,未知,未知,,
E211,广西经济职业学院,,,未知,未知,,
E212,云南经贸外事职业学院,,,未知,未知,,
E213,石家庄科技职业学院,,,未知,未知,,
E220,广西幼儿师范高等专科学校,,,未知,未知,,
E223,贵州师范学院,,,未知,未知,,
E225,河北东方学院,,,未知,未知,,
E226,运城职业技术大学,,,未知,未知,,
E228,大连汽车职业技术学院,,,未知,未知,,
E229,安徽矿业职业技术学院,,,未知,未知,,
E231,泉州海洋职业学院,,,未知,未知,,
E232,泉州轻工职业学院,,,未知,未知,,
E233,漯河食品职业学院,,,未知,未知,,
E235,郑州城市职业学院,,,未知,未知,,
E236,三亚理工职业学院,,,未知,未知,,
E237,重庆电讯职业学院,,,未知,未知,,
E238,重庆能源职业学院,,,未知,未知,,
E239,云南三鑫职业技术学院,,,未知,未知,,
E241,江西冶金职业技术学院,,,未知,未知,,
E242,山东理工职业学院,,,未知,未知,,
E243,安阳职业技术学院,,,未知,未知,,
E245,新乡职业技术学院,,,未知,未知,,
E247,山西铁道职业技术学院,,,未知,未知,,
E248,鄂尔多斯职业学院,,,未知,未知,,
E251,驻马店职业技术学院,,,未知,未知,,
E252,贵州职业技术学院,,,未知,未知,,
E255,江苏卫生健康职业学院,,,未知,未知,,
E256,苏州信息职业技术学院,,,未知,未知,,
E257,厦门安防科技职业学院,,,未知,未知,,
E258,三峡旅游职业技术学院,,,未知,未知,,
E259,沧州幼儿师范高等专科学校,,,未知,未知,,
E260,宣化科技职业学院,,,未知,未知,,
E261,山东文化产业职业学院,,,未知,未知,,
E262,西南交通大学希望学院,,,未知,未知,,
E267,重庆交通职业学院,,,未知,未知,,
E271,阳泉师范高等专科学校,,,未知,未知,,
E272,黑龙江护理高等专科学校,,,未知,未知,,
E275,浙江外国语学院,,,未知,未知,,
E276,齐鲁师范学院,,,未知,未知,,
E277,山东青年政治学院,,,未知,未知,,
E281,承德护理职业学院,,,未知,未知,,
E283,呼伦贝尔职业技术学院,,,未知,未知,,
E285,满洲里俄语职业学院,,,未知,未知,,
E288,辽宁城市建设职业技术学院,,,未知,未知,,
E291,吉林科技职业技术学院,,,未知,未知,,
E293,宿迁泽达职业技术学院,,,未知,未知,,
E295,苏州工业园区服务外包职业学院,,,未知,未知,,
E299,皖西卫生职业学院,,,未知,未知,,
E303,郑州信息工程职业学院,,,未知,未知,,
E305,长垣烹饪职业技术学院,,,未知,未知,,
E306,开封文化艺术职业学院,,,未知,未知,,
E307,河南应用技术职业学院,,,未知,未知,,
E312,广西科技职业学院,,,未知,未知,,
E315,重庆化工职业学院,,,未知,未知,,
E316,重庆旅游职业学院,,,未知,未知,,
E320,青岛远洋船员职业学院,,,未知,未知,,
E321,江西工商职业技术学院,,,未知,未知,,
E322,湖南三一工业职业技术学院,,,未知,未知,,
E323,四川长江职业学院,,,未知,未知,,
E325,南方科技大学,,,未知,未知,,
E327,青岛电影学院,,,未知,未知,,
E328,石家庄幼儿师范高等专科学校,,,未知,未知,,
E329,徐州幼儿师范高等专科学校,,,未知,未知,,
E330,合肥幼儿师范高等专科学校,,,未知,未知,,
E332,济南幼儿师范高等专科学校,,,未知,未知,,
E333,郑州升达经贸管理学院,,,未知,未知,,
E335,廊坊卫生职业学院,,,未知,未知,,
E338,赤峰工业职业技术学院,,,未知,未知,,
E339,阿拉善职业技术学院,,,未知,未知,,
E340,延边职业技术学院,,,未知,未知,,
E343,济南护理职业学院,,,未知,未知,,
E345,泰山护理职业学院,,,未知,未知,,
E346,山东海事职业学院,,,未知,未知,,
E347,潍坊护理职业学院,,,未知,未知,,
E349,河南护理职业学院,,,未知,未知,,
E351,信阳涉外职业技术学院,,,未知,未知,,
E352,鹤壁汽车工程职业学院,,,未知,未知,,
E353,南阳职业学院,,,未知,未知,,
E356,湖北体育职业学院,,,未知,未知,,
E357,襄阳汽车职业技术学院,,,未知,未知,,
E359,湖南食品药品职业学院,,,未知,未知,,
E360,湖南有色金属职业技术学院,,,未知,未知,,
E367,重庆艺术工程职业学院,,,未知,未知,,
E368,重庆轻工职业学院,,,未知,未知,,
E369,重庆电信职业学院,,,未知,未知,,
E370,重庆经贸职业学院,,,未知,未知,,
E371,贵州盛华职业学院,,,未知,未知,,
E372,昆明卫生职业学院,,,未知,未知,,
E375,甘肃有色冶金职业技术学院,,,未知,未知,,
E376,白银矿冶职业技术学院,,,未知,未知,,
E379,潍坊工程职业学院,,,未知,未知,,
E380,郑州商贸旅游职业学院,,,未知,未知,,
E382,河南推拿职业学院,,,未知,未知,,
E383,洛阳职业技术学院,,,未知,未知,,
E385,沈阳北软信息职业技术学院,,,未知,未知,,
E388,重庆第二师范学院,,,未知,未知,,
E389,成都师范学院,,,未知,未知,,
E390,陕西学前师范学院,,,未知,未知,,
E391,郑州幼儿师范高等专科学校,,,未知,未知,,
E392,安阳幼儿师范高等专科学校,,,未知,未知,,
E394,上海民航职业技术学院,,,未知,未知,,
E396,河北轨道运输职业技术学院,,,未知,未知,,
E400,齐齐哈尔理工职业学院,,,未知,未知,,
E401,徐州生物工程职业技术学院,,,未知,未知,,
E402,景德镇陶瓷职业技术学院,,,未知,未知,,
E406,湖南吉利汽车职业技术学院,,,未知,未知,,
E410,四川电影电视学院,,,未知,未知,,
E411,四川汽车职业技术学院,,,未知,未知,,
E412,贵州工商职业学院,,,未知,未知,,
E413,红河卫生职业学院,,,未知,未知,,
E415,云南外事外语职业学院,,,未知,未知,,
E417,新疆应用职业技术学院,,,未知,未知,,
E422,南京城市职业学院,,,未知,未知,,
E430,中国科学院大学,,,未知,未知,,
E432,河北中医药大学,,,未知,未知,,
E434,山西传媒学院,,,未知,未知,,
E435,营口理工学院,,,未知,未知,,
E436,江苏第二师范学院,,,未知,未知,,
E437,南昌师范学院,,,未知,未知,,
E438,山东管理学院,,,未知,未知,,
E439,山东农业工程学院,,,未知,未知,,
E440,贵州理工学院,,,未知,未知,,
E458,张家口学院,,,未知,未知,,
E462,朔州师范高等专科学校,,,未知,未知,,
E465,赣州师范高等专科学校,,,未知,未知,,
E468,湖南幼儿师范高等专科学校,,,未知,未知,,
E470,铜仁幼儿师范高等专科学校,,,未知,未知,,
E471,河北工艺美术职业学院,,,未知,未知,,
E472,渤海理工职业学院,,,未知,未知,,
E473,辽宁轻工职业学院,,,未知,未知,,
E475,江苏商贸职业学院,,,未知,未知,,
E476,江西水利职业学院,,,未知,未知,,
E477,菏泽职业学院,,,未知,未知,,
E478,郑州财税金融职业学院,,,未知,未知,,
E479,南阳农业职业学院,,,未知,未知,,
E480,洛阳科技职业学院,,,未知,未知,,
E481,广西培贤国际职业学院,,,未知,未知,,
E483,巴中职业技术学院,,,未知,未知,,
E484,四川希望汽车职业学院,,,未知,未知,,
E485,四川电子机械职业技术学院,,,未知,未知,,
E486,四川文轩职业学院,,,未知,未知,,
E489,新疆铁道职业技术学院,,,未知,未知,,
E491,重庆科技职业学院,,,未知,未知,,
E493,南通师范高等专科学校,,,未知,未知,,
E494,宜春幼儿师范高等专科学校,,,未知,未知,,
E497,黔南民族幼儿师范高等专科学校,,,未知,未知,,
E498,宁夏幼儿师范高等专科学校,,,未知,未知,,
E504,吉安职业技术学院,,,未知,未知,,
E506,山东艺术设计职业学院,,,未知,未知,,
E507,威海海洋职业学院,,,未知,未知,,
E512,广西金融职业技术学院,,,未知,未知,,
E515,四川西南航空职业学院,,,未知,未知,,
E518,兰州科技职业学院,,,未知,未知,,
E523,新疆生产建设兵团兴新职业技术学院,,,未知,未知,,
E524,哈密职业技术学院,,,未知,未知,,
E525,新疆科技职业技术学院,,,未知,未知,,
E527,山西工程技术学院,,,未知,未知,,
E528,扬州中瑞酒店职业学院,,,未知,未知,,
E529,鹤壁能源化工职业学院,,,未知,未知,,
E531,内蒙古艺术学院,,,未知,未知,,
E537,江西师范高等专科学校,,,未知,未知,,
E539,扎兰屯职业学院,,,未知,未知,,
E540,黑龙江冰雪体育职业学院,,,未知,未知,,
E542,江苏财会职业学院,,,未知,未知,,
E543,江苏城乡建设职业学院,,,未知,未知,,
E544,南昌影视传播职业学院,,,未知,未知,,
E545,山东特殊教育职业学院,,,未知,未知,,
E547,成都工贸职业技术学院,,,未知,未知,,
E548,四川应用技术职业学院,,,未知,未知,,
E551,庆阳职业技术学院,,,未知,未知,,
E553,湖北铁道运输职业学院,,,未知,未知,,
E555,长江艺术工程职业学院,,,未知,未知,,
E557,重庆资源与环境保护职业学院,,,未知,未知,,
E559,贵州工贸职业学院,,,未知,未知,,
E560,哈尔滨音乐学院,,,未知,未知,,
E567,吉林职业技术学院,,,未知,未知,,
E568,江苏航空职业技术学院,,,未知,未知,,
E569,赣南卫生健康职业学院,,,未知,未知,,
E570,烟台黄金职业学院,,,未知,未知,,
E571,荆门职业学院,,,未知,未知,,
E575,海南体育职业技术学院,,,未知,未知,,
E576,重庆护理职业学院,,,未知,未知,,
E577,贵州水利水电职业技术学院,,,未知,未知,,
E579,贵州应用技术职业学院,,,未知,未知,,
E583,大理护理职业学院,,,未知,未知,,
E585,吐鲁番职业技术学院,,,未知,未知,,
E586,唐山幼儿师范高等专科学校,,,未知,未知,,
E587,广东茂名幼儿师范专科学校,,,未知,未知,,
E588,北京网络职业学院,,,未知,未知,,
E589,江苏安全技术职业学院,,,未知,未知,,
E590,武汉铁路桥梁职业学院,,,未知,未知,,
E591,武汉光谷职业学院,,,未知,未知,,
E592,广州卫生职业技术学院,,,未知,未知,,
E594,兰州现代职业学院,,,未知,未知,,
E596,中国社会科学院大学,,,未知,未知,,
E597,濮阳医学高等专科学校,,,未知,未知,,
E600,天津滨海汽车工程职业学院,,,未知,未知,,
E601,曹妃甸职业技术学院,,,未知,未知,,
E602,吉林水利电力职业学院,,,未知,未知,,
E603,长春健康职业学院,,,未知,未知,,
E604,江苏旅游职业学院,,,未知,未知,,
E605,日照航海工程职业学院,,,未知,未知,,
E606,三门峡社会管理职业学院,,,未知,未知,,
E607,河南轻工职业学院,,,未知,未知,,
E608,河南测绘职业学院,,,未知,未知,,
E612,三亚中瑞酒店管理职业学院,,,未知,未知,,
E616,贵州经贸职业技术学院,,,未知,未知,,
E621,云南交通运输职业学院,,,未知,未知,,
E622,博尔塔拉职业技术学院,,,未知,未知,,
E623,滇西应用技术大学,,,未知,未知,,
E625,茅台学院,,,未知,未知,,
E627,大同师范高等专科学校,,,未知,未知,,
E628,太原幼儿师范高等专科学校,,,未知,未知,,
E630,六盘水幼儿师范高等专科学校,,,未知,未知,,
E633,哈尔滨北方航空职业技术学院,,,未知,未知,,
E634,信阳航空职业学院,,,未知,未知,,
E635,郑州卫生健康职业学院,,,未知,未知,,
E637,河南地矿职业学院,,,未知,未知,,
E639,海南健康管理职业技术学院,,,未知,未知,,
E640,眉山药科职业学院,,,未知,未知,,
E641,天府新区信息职业学院,,,未知,未知,,
E642,德阳城市轨道交通职业学院,,,未知,未知,,
E643,德阳科贸职业学院,,,未知,未知,,
E644,江阳城建职业学院,,,未知,未知,,
E645,天府新区航空旅游职业学院,,,未知,未知,,
E646,天府新区通用航空职业学院,,,未知,未知,,
E649,云南医药健康职业学院,,,未知,未知,,
E650,神木职业技术学院,,,未知,未知,,
E651,宝鸡三和职业学院,,,未知,未知,,
E652,和田职业技术学院,,,未知,未知,,
E654,郑州西亚斯学院,,,未知,未知,,
E655,深圳技术大学,,,未知,未知,,
E656,萍乡卫生职业学院,,,未知,未知,,
E657,江西婺源茶业职业学院,,,未知,未知,,
E660,铁门关职业技术学院,,,未知,未知,,
E661,石河子工程职业技术学院,,,未知,未知,,
E665,赣州职业技术学院,,,未知,未知,,
E666,青岛工程职业学院,,,未知,未知,,
E668,广西自然资源职业技术学院,,,未知,未知,,
E670,内江卫生与健康职业学院,,,未知,未知,,
E671,南充科技职业学院,,,未知,未知,,
E672,攀枝花攀西职业学院,,,未知,未知,,
E673,资阳口腔职业学院,,,未知,未知,,
E674,资阳环境科技职业学院,,,未知,未知,,
E675,云南理工职业学院,,,未知,未知,,
E677,喀什职业技术学院,,,未知,未知,,
E678,克孜勒苏职业技术学院,,,未知,未知,,
E679,新疆科信职业技术学院,,,未知,未知,,
E680,阿勒泰职业技术学院,,,未知,未知,,
E682,安徽艺术学院,,,未知,未知,,
E686,邯郸幼儿师范高等专科学校,,,未知,未知,,
E688,青岛幼儿师范高等专科学校,,,未知,未知,,
E689,烟台幼儿师范高等专科学校,,,未知,未知,,
E693,钦州幼儿师范高等专科学校,,,未知,未知,,
E695,邯郸科技职业学院,,,未知,未知,,
E696,唐山海运职业学院,,,未知,未知,,
E699,赤峰应用技术职业学院,,,未知,未知,,
E700,鞍山职业技术学院,,,未知,未知,,
E701,长春早期教育职业学院,,,未知,未知,,
E704,黄山健康职业学院,,,未知,未知,,
E706,九江理工职业学院,,,未知,未知,,
E707,烟台文化旅游职业学院,,,未知,未知,,
E708,临沂科技职业学院,,,未知,未知,,
E709,青岛航空科技职业学院,,,未知,未知,,
E710,潍坊环境工程职业学院,,,未知,未知,,
E713,濮阳石油化工职业技术学院,,,未知,未知,,
E714,南阳科技职业学院,,,未知,未知,,
E715,兰考三农职业学院,,,未知,未知,,
E716,汝州职业技术学院,,,未知,未知,,
E717,林州建筑职业技术学院,,,未知,未知,,
E721,湖北健康职业学院,,,未知,未知,,
E723,广西物流职业技术学院,,,未知,未知,,
E724,海南卫生健康职业学院,,,未知,未知,,
E725,重庆理工职业学院,,,未知,未知,,
E726,重庆智能工程职业学院,,,未知,未知,,
E727,重庆健康职业学院,,,未知,未知,,
E728,南充文化旅游职业学院,,,未知,未知,,
E729,南充电影工业职业学院,,,未知,未知,,
E730,绵阳飞行职业学院,,,未知,未知,,
E731,德阳农业科技职业学院,,,未知,未知,,
E732,泸州医疗器械职业学院,,,未知,未知,,
E733,贵州机电职业技术学院,,,未知,未知,,
E735,贵州民用航空职业学院,,,未知,未知,,
E737,榆林能源科技职业学院,,,未知,未知,,
E738,培黎职业学院,,,未知,未知,,
E740,塔城职业技术学院,,,未知,未知,,
E741,塔里木职业技术学院,,,未知,未知,,
E742,邢台应用技术职业学院,,,未知,未知,,
E743,吉林通用航空职业技术学院,,,未知,未知,,
E744,通化医药健康职业学院,,,未知,未知,,
E747,宿州航空职业学院,,,未知,未知,,
E748,和君职业学院,,,未知,未知,,
E749,滨州科技职业学院,,,未知,未知,,
E754,郑州医药健康职业学院,,,未知,未知,,
E755,湖北孝感美珈职业学院,,,未知,未知,,
E761,广东肇庆航空职业学院,,,未知,未知,,
E764,广西农业工程职业技术学院,,,未知,未知,,
E765,北海康养职业学院,,,未知,未知,,
E768,自贡职业技术学院,,,未知,未知,,
E770,宝鸡中北职业学院,,,未知,未知,,
E772,白银希望职业技术学院,,,未知,未知,,
E776,重庆五一职业技术学院,,,未知,未知,,
E778,上海科创职业技术学院,,,未知,未知,,
E779,上海闵行职业技术学院,,,未知,未知,,
E780,上海现代化工职业学院,,,未知,未知,,
E781,上海建设管理职业技术学院,,,未知,未知,,
E786,沧州航空职业学院,,,未知,未知,,
E787,邯郸应用技术职业学院,,,未知,未知,,
E788,秦皇岛工业职业技术学院,,,未知,未知,,
E790,濮阳科技职业学院,,,未知,未知,,
E800,贵州铜仁数据职业学院,,,未知,未知,,
E805,新疆司法警官职业学院,,,未知,未知,,
E806,阿克苏工业职业技术学院,,,未知,未知,,
E807,吉安幼儿师范高等专科学校,,,未知,未知,,
E809,山东城市服务职业学院,,,未知,未知,,
E810,潍坊食品科技职业学院,,,未知,未知,,
E811,烟台城市科技职业学院,,,未知,未知,,
E812,郑州食品工程职业学院,,,未知,未知,,
E820,衡阳科技职业学院,,,未知,未知,,
E822,桂林信息工程职业学院,,,未知,未知,,
E823,定西职业技术学院,,,未知,未知,,
E824,喀什理工职业技术学院,,,未知,未知,,
E825,图木舒克职业技术学院,,,未知,未知,,
E826,可克达拉职业技术学院,,,未知,未知,,
E827,新星职业技术学院,,,未知,未知,,
E828,昆玉职业技术学院,,,未知,未知,,
E829,海南比勒费尔德应用科学大学,,,未知,未知,,
E830,重庆中医药学院,,,未知,未知,,
E832,襄阳科技职业学院,,,未知,未知,,
E833,宜昌科技职业学院,,,未知,未知,,
E835,遂宁工程职业学院,,,未知,未知,,
E836,遂宁职业学院,,,未知,未知,,
E837,江西樟树中医药职业学院,,,未知,未知,,
E838,重庆数字产业职业技术学院,,,未知,未知,,
E839,长春数字科技职业学院,,,未知,未知,,
E840,上海浦东职业技术学院,,,未知,未知,,
E846,海南东方新丝路职业学院,,,未知,未知,,
E848,贵州传媒职业学院,,,未知,未知,,
E849,贵州生态能源职业学院,,,未知,未知,,
E854,宿迁幼儿师范高等专科学校,,,未知,未知,,
E855,无锡师范高等专科学校,,,未知,未知,,
E857,德州工程职业学院,,,未知,未知,,
E858,日照康养职业学院,,,未知,未知,,
E859,烟台卫生健康职业学院,,,未知,未知,,
E860,山东文化艺术职业学院,,,未知,未知,,
E864,周口城市职业学院,,,未知,未知,,
E870,重庆现代制造职业学院,,,未知,未知,,
E876,乌鲁木齐职业技术学院,,,未知,未知,,
E877,双河职业技术学院,,,未知,未知,,
E878,康复大学,,,未知,未知,,
E881,青海理工学院,,,未知,未知,,
E892,长沙医药健康职业学院,,,未知,未知,,
E893,三亚护理职业学院,,,未知,未知,,
E897,新疆工业学院,,,未知,未知,,
E899,湖北三峡航空学院,,,未知,未知,,
E902,长沙科技职业学院,,,未知,未知,,
E903,株洲科技职业学院,,,未知,未知,,
E904,衡阳理工职业学院,,,未知,未知,,
E923,聊城科技职业学院,,,未知,未知,,
E924,济宁汽车工程职业学院,,,未知,未知,,
E925,日照科技职业学院,,,未知,未知,,
E926,枣庄应用技术职业学院,,,未知,未知,,
E927,临沂城市职业学院,,,未知,未知,,
E928,菏泽生物医药职业学院,,,未知,未知,,
E940,日喀则职业技术学院,,,未知,未知,,
F201,山西工程科技职业大学,,,未知,未知,,
F202,河北石油职业技术大学,,,未知,未知,,
F203,河北科技工程职业技术大学,,,未知,未知,,
F204,河北工业职业技术大学,,,未知,未知,,
F205,广西农业职业技术大学,,,未知,未知,,
F206,贵阳康养职业大学,,,未知,未知,,
F208,兰州资源环境职业技术大学,,,未知,未知,,
F209,兰州石化职业技术大学,,,未知,未知,,
F301,宁波诺丁汉大学,,,未知,未知,,
F302,西交利物浦大学,,,未知,未知,,
F401,北京师范大学-香港浸会大学联合国际学院,,,未知,未知,,
F405,温州肯恩大学,,,未知,未知,,
F409,深圳北理莫斯科大学,,,未知,未知,,
F410,广东以色列理工学院,,,未知,未知,,
F411,福州墨尔本理工职业学院,,,未知,未知,,
G127,内蒙古科技大学包头师范学院,,,未知,未知,,
G213,哈尔滨工业大学(深圳),,,未知,未知,,
H001,北京大学医学部,,,未知,未知,,
H002,中国人民大学(苏州校区),,,未知,未知,,
H004,北京交通大学(威海校区),,,未知,未知,,
H013,北京邮电大学(宏福校区),,,未知,未知,,
H027,北京师范大学(珠海校区),,,未知,未知,,
H127,内蒙古科技大学包头医学院,,,未知,未知,,
H141,大连理工大学(盘锦校区),,,未知,未知,,
H145,东北大学秦皇岛分校,,,未知,未知,,
H213,哈尔滨工业大学(威海),,,未知,未知,,
H246,复旦大学医学院,,,未知,未知,,
H248,上海交通大学医学院,,,未知,未知,,
H335,浙江大学医学院,,,未知,未知,,
H359,合肥工业大学(宣城校区),,,未知,未知,,
H414,中国石油大学(北京)克拉玛依校区,,,未知,未知,,
H422,山东大学威海分校,,,未知,未知,,
H614,电子科技大学(沙河校区),,,未知,未知,,
H635,西南大学(荣昌校区),,,未知,未知,,
K084,陕西机电职业技术学院,,,未知,未知,,
K139,河北资源环境职业技术学院,,,未知,未知,,
K371,上海南湖职业技术学院,,,未知,未知,,
K559,宁波幼儿师范高等专科学校,,,未知,未知,,
K881,广元中核职业技术学院,,,未知,未知,,
K963,贵州航空职业技术学院,,,未知,未知,,
M060,新疆工业职业技术学院,,,未知,未知,,
M189,山西能源学院,,,未知,未知,,
M285,江西飞行学院,,,未知,未知,,
M378,甘肃财贸职业学院,,,未知,未知,,
M721,河北环境工程学院,,,未知,未知,,
M759,重庆工信职业学院,,,未知,未知,,
N012,香港珠海学院,,,未知,未知,,
P002,国防科技大学,,,未知,未知,,
P004,陆军工程大学,,,未知,未知,,
P017,海军军医大学,,,未知,未知,,
P020,海军军医大学,,,未知,未知,,
P027,空军军医大学,,,未知,未知,,
P030,空军军医大学,,,未知,未知,,
T035,桂林生命与健康职业技术学院,,,未知,未知,,
T312,上饶幼儿师范高等专科学校,,,未知,未知,,
T335,长春师范高等专科学校,,,未知,未知,,
T466,盐城幼儿师范高等专科学校,,,未知,未知,,
T519,抚州幼儿师范高等专科学校,,,未知,未知,,
Y000,哈尔滨理工大学,,,未知,未知,,
Y001,山东大学,,,未知,未知,,
Y003,青岛科技大学,,,未知,未知,,
Y004,青岛理工大学,,,未知,未知,,
Y005,齐鲁工业大学,,,未知,未知,,
Y006,山东师范大学,,,未知,未知,,
Y008,山东商业职业技术学院,,,未知,未知,,
Y010,山东交通学院,,,未知,未知,,
Y012,山东外贸职业学院,,,未知,未知,,
Y014,山东财经大学,,,未知,未知,,
Y015,山东建筑大学,,,未知,未知,,
Y016,济南大学,,,未知,未知,,
Y017,青岛大学,,,未知,未知,,
Y018,山东科技大学,,,未知,未知,,
Y021,山东科技大学,,,未知,未知,,
Y024,山东大学,,,未知,未知,,
Y030,厦门大学,,,未知,未知,,
